name,category,phone,address,location,rating,review_count,website,place_id
Bangor mobiles,mobile mechanic,07788 217944,"4 Castle St, Bangor BT20 4ST, UK","Bangor, Northern Ireland",4.9,320,,ChIJU2pNsxKfYUgRGYlTOxJtghg
Iva Michalak Photography,freelance photographer,07823 779224,"4 Lewis Dr, Belfast BT4 1EN, UK","Belfast, Northern Ireland",5,192,,ChIJB04zJqAJYUgRMEXhlZR9ZhE
Louise Gallagher Curly Hair Specialist | Wavy / Straight Hair Expert,mobile hairdresser,07815 204489,"Mckibbin House, Eastbank Rd, Carryduff, Belfast BT8 8BD, UK","Holywood, Northern Ireland",4.9,157,https://facebook.com/louisegallagherhairdressingcarryduff,ChIJdaXbQfAOYUgRJ1HefF9qgdI
SD Catering,catering service,07715 392022,"203 Shankill Rd, Belfast BT13 1FT, UK","Belfast, Northern Ireland",4.3,155,https://m.facebook.com/SDCATERERS,ChIJq6qqqg8IYUgRhXM5oAk-KMs
Diamond Dogs,dog groomer,07411 858845,"317 Woodstock Rd, Belfast BT6 8PT, UK","East Belfast, Northern Ireland",4.6,150,,ChIJDzyhvg8JYUgRfXqz7GXG5tE
Happy Catz & Little Pawz Pet Hotel,pet sitting,07568 599990,"26 Ballymoney Rd, Newtownards BT23 4TG, UK","Bangor, Northern Ireland",4.5,141,https://www.facebook.com/groups/HappyCatz/,ChIJ9wiTQrkKYUgRTi6t_yoWU_I
Car Valet Belfast,mobile car wash,07856 560430,"24 Barbour Gardens, Dunmurry, Belfast BT17 9AB, UK","Belfast, Northern Ireland",5,130,,ChIJ59PGYQcGYUgRLRNo5fM8zdA
Wash My Ride Car Wash & Valeting Centre,mobile car wash,07743 177150,"107a Bloomfield Rd S, Bangor BT19 7HR, UK","Bangor, Northern Ireland",4.4,121,https://www.facebook.com/washmyride08,ChIJk3u7FPF1YUgRw6eW1FeNZmA
The Compound Room,personal trainer,07724 403227,"Unit C4, 9 Ferguson Dr, Lisburn BT28 2EX, UK","Lisburn, Northern Ireland",5,113,https://www.facebook.com/The-Compound-Room-843287392464180,ChIJS-qsRYUDYUgR6QOBss8cSjE
Ashvale Landscapes,gardening service,07889 352808,"11 Old Ballynahinch Rd, Lisnastrean, Lisburn BT27 5PE, UK","Lisburn, Northern Ireland",4.5,112,,ChIJS7bUABYFYUgRe7bolIpvY3M
SEAN LEONARD SCHOOL OF MOTORING,driving instructor,07729 370384,"151 Galliagh Prk, Londonderry BT48 8DF, UK","East Belfast, Northern Ireland",4.9,110,,ChIJI66eLxbjX0gR8oFzZXbQoBw
Mobile Tech,mobile mechanic,07307 212120,"26 Botanic Ave, Belfast BT7 1JQ, UK","Belfast, Northern Ireland",4.9,101,,ChIJRQU1CAkJYUgRpR0QpCTUUa0
Sports Massage Belfast | Relax & Recover,mobile massage therapist,07984 967464,"Belvoir Community Hub, Drumart Square, Belfast BT8 7ET, UK","Belfast, Northern Ireland",5,94,https://instagram.com/michaelgraham_86?igshid=NTc4MTIwNjQ2YQ==,ChIJd8_pnJcPYUgRCJAHtxBpZvo
A New Start Driving School,driving instructor,07990 762133,"Ormeau Rd, Ormeau, Belfast BT7 3LA, UK","Belfast, Northern Ireland",5,89,,ChIJUaOEpN8IYUgRWtBcJtnmVZw
Oh My Dog Belfast,dog groomer,07939 881123,"13 Shore Rd, Belfast BT15 3PG, UK","Belfast, Northern Ireland",4.9,79,http://www.facebook.com/ohmydogbelfast,ChIJJ4e9qsAJYUgRwvBHu4MeL-E
LG DECORATORS,painter decorator,07729 802727,"12 Victoria Ct, Sydenham, Belfast BT4 1RQ, UK","Belfast, Northern Ireland",4.8,77,https://www.facebook.com/profile.php?id=100054628322044,ChIJVYXCIXUJYUgR99yoBhvzcqo
Lean 'N' Mean Personal Training,personal trainer,07895 110730,"Unit 1 S Circular Retail Park, Bangor BT19 7AG, UK","Bangor, Northern Ireland",5,72,,ChIJDZ3lTup1YUgRXeJtw4CJ5BQ
Wallace and Donut - Cafe Lisburn,baker,07951 608529,"45 Seymour St, Lisburn BT27 4SY, UK","Lisburn, Northern Ireland",4.9,71,,ChIJK3jcCuYFYUgRNhFSxgTZzM0
Bark N Baths,dog groomer,07719 579277,"Unit 6, Swilly House, Springtown Rd, Londonderry BT48 0GH, UK","Belfast, Northern Ireland",4.9,68,https://www.facebook.com/BarkNBaths/,ChIJzS7Q5q3jX0gRyJTdOdYfMGQ
The Tiling Specialist - Simon Corbett,tiling contractor,07766 194889,"48 Balmoral Square, Bangor BT19 7XL, UK","Bangor, Northern Ireland",4.9,68,,ChIJ7S4VXO91YUgR385324ErW6Q
Holywood Celebrity Barbers,mobile barber,07397 188844,"355 Holywood Rd, Belfast BT4 2LR, UK","Holywood, Northern Ireland",4.8,68,,ChIJ1wPRl9QJYUgRP3jL9_zaQIQ
MMC Cleaning NI - Carpet Cleaning Belfast & Sofa Cleaning Belfast / Interior Car Valeting Belfast,mobile car wash,07745 199990,"16 Old Colin, Dunmurry, Belfast BT17 0AX, UK","Belfast, Northern Ireland",5,67,https://www.facebook.com/mmccleaningni,ChIJP0kIa408BQsRqmJ0nx_u5Q4
Holywood Turkish Barber,mobile barber,07472 723632,"85 High St, Holywood BT18 9AE, UK","Holywood, Northern Ireland",4.8,64,,ChIJjVgjO3QKYUgRFowPM3g4jL4
Tc tyres & mobile tyre fitting Ni,mobile mechanic,07543 119191,"323 Oldpark Rd, Belfast BT14 6QS, UK","Belfast, Northern Ireland",5,63,,ChIJMSLy2dkJYUgRA5rCubrganY
ALBe's Gluten Free Sweet Bakery,baker,07539 852772,"32 Central Ave, Bangor BT20 3AF, UK","Bangor, Northern Ireland",4.9,62,,ChIJZ2tLVPZ1YUgRTaHxqOSypIo
Level Up Fitness,personal trainer,07738 853633,"23 Henry Pl, Belfast BT15 2AY, UK","Belfast, Northern Ireland",5,61,https://www.instagram.com/levelupfitnessbelfast/,ChIJd3xJ81QJYUgR0Iow8P0tytA
Mobile Zone Newtownards,mobile mechanic,07375 755234,"40 High St, Newtownards BT23 7HZ, UK","Newtownards, Northern Ireland",4.6,59,,ChIJ7TGzp8l1YUgR0aHOmO0g9to
JM Autos,mobile mechanic,07747 612977,"29-31 Premier Dr, Belfast BT15 3LY, UK","Belfast, Northern Ireland",5,50,https://www.facebook.com/jonnymurphyautos/,ChIJX9aKIjMIYUgRlDyBwAVJWU8
Biscuit Paws Dog Grooming,dog groomer,07514 829971,"17B High St, Donaghadee BT21 0AA, UK","Bangor, Northern Ireland",5,49,,ChIJtwp4gEh0YUgRF11GN4npRMI
Stable Door Gourmet Burgers,catering service,07876 198598,"34 High St, Holywood BT18 9AD, UK","Holywood, Northern Ireland",5,49,,ChIJg_Mp6c9zYUgRXc8VaTN5Z7o
Belfast Dog Groomers,dog groomer,07933 282976,"327 Ballysillan Rd, Belfast BT14 6RE, UK","Belfast, Northern Ireland",4.7,48,,ChIJp7EaihUIYUgR0TZrb9tQwsM
Lifestyle & Performance Gym,personal trainer,07549 770238,"2 Hannahstown Hill, Hannahstown, Belfast BT17 0LT, UK","West Belfast, Northern Ireland",5,48,https://www.instagram.com/lifestyleandperformancegym?igsh=MW5yNno2bHB1cWdoZQ%3D%3D&utm_source=qr,ChIJbcaexQUHYUgRpsdG8-Dl3RM
RSM mechanics,mobile mechanic,07591 066877,"Newtownabby BT37 9QJ, UK","Belfast, Northern Ireland",4.6,46,,ChIJD7yWofenYUgRd4vxNLAwDCA
Quality car wash & valeting,mobile valeting,07708 580460,"36 Killynure Green, Carryduff, Belfast BT8 8FA, UK","Holywood, Northern Ireland",3.1,44,,ChIJW5XBIPoJYUgRAQXh2OHL72c
Cammy's Grooming & Spa,dog groomer,07761 505809,"115 Matchett St, Belfast BT13 1QD, UK","Belfast, Northern Ireland",5,43,https://www.facebook.com/people/Cammys-Grooming-Spa/100085697485306/,ChIJq_GZGX4JYUgROa8VEkMhlqY
Andyman Flatpacks,handyman,07588 029029,"68 Rosebery Rd, Belfast BT6 8JE, UK","Belfast, Northern Ireland",4.8,43,,ChIJmZgAAlcLYUgR4sqNIar5-RU
Grade 6 ADI,driving instructor,07525 941583,"26 Duncairn Gardens, Belfast BT15 2GD, UK","Belfast, Northern Ireland",4.9,42,,ChIJR05Pa0wIYUgRTXhKf_qKOL0
Belfast Tree & Garden Services - Pruned /Topped/Removed,gardening service,07707 832846,"30 Richardson Court, Belfast BT6 8DG, UK","Belfast, Northern Ireland",4.9,41,,ChIJe2vC_5YIYUgRRRwdnaFjqdE
Paint Rite Decorators,painter decorator,07710 400015,"St Marks Wood, Lisburn BT28 1AQ, UK","Lisburn, Northern Ireland",4.9,41,,ChIJ9XmMpAsEYUgRaOR_7QzOohI
Antonio made in Naples pizzeria napoletana,mobile catering,07454 858171,"St George's Market, 192 Falls Rd, Belfast BT12 6AG, UK","Belfast, Northern Ireland",5,40,,ChIJw9uqEDMJYUgRNi3r_vC3uk8
Revive Massage Dundonald,mobile massage therapist,07874 380907,"A8, inspire business centre, Dundonald, Belfast BT16 1QT, UK","East Belfast, Northern Ireland",5,39,,ChIJz1InzAELYUgRf-qqHo-tqxk
Drive With Gavin,driving instructor,07514 214480,"Manor Park, Bangor BT20 3LY, UK","Bangor, Northern Ireland",5,39,,ChIJK8GX7imeYUgRy0ZVdQYaab0
Jack in a Box Dog Grooming,dog groomer,07864 987299,"287 Newtownards Rd, Belfast BT4 1AG, UK","Belfast, Northern Ireland",5,38,https://www.facebook.com/profile.php?id=100095222835147,ChIJRR9qYPMJYUgRQPQRNdXhcWE
Merriam Driving Lessons in automatic car,driving instructor,07737 162999,"17 Bridge St, Lisburn BT28 1XZ, UK","Lisburn, Northern Ireland",4.9,37,,ChIJsTlgXlwEYUgR9tBRzS9DTZw
Balieys Pad Boarding Kennels,pet sitting,07931 391298,"16 Bailie Rd, Bangor BT19 7QW, UK","Bangor, Northern Ireland",4.8,37,,ChIJLa3C31B3YUgRcAdmaPkFMAg
Pooches Palace Bangor,dog groomer,07548 472586,"91 High St, Bangor BT20 5BD, UK","Bangor, Northern Ireland",4.9,36,,ChIJGYAzDBqeYUgRGKTX9PseA2I
Transform Fitness,personal trainer,07415 004144,"22, Hannahstown Business Park, Hannahstown, Belfast BT17 0LT, UK","Belfast, Northern Ireland",4.9,35,,ChIJf2vmMoIHYUgRXWxnka4A6go
RHS Robin's handyman services,handyman,07784 550820,"11 Windsor Ave, Lisburn BT28 1EE, UK","Lisburn, Northern Ireland",5,35,,ChIJU3UKp3wEYUgRVZT2BQM4x10
Boyd Mechanical,mobile mechanic,07521 682529,"188 Church Rd, Holywood BT18 9RN, UK","Holywood, Northern Ireland",5,35,,ChIJq6p7ZvUKYUgRulEMKu7SlcI
Groomin Marvelous,dog groomer,07855 808932,"4 North Meadows, Londonderry BT48 0QB, UK","West Belfast, Northern Ireland",4.6,34,,ChIJB27-SMXjX0gR5pvGoDxOtI4
The Phoneshop Lisburn,mobile mechanic,07599 877667,"4 Antrim St, Lisburn BT28 1AU, UK","Lisburn, Northern Ireland",5,34,,ChIJEeUl2MUFYUgRJn-qyYWPbe8
AMC Property Maintenance,landscaping,07714 030881,"Navar Dr, Bangor BT19 7SW, UK","Bangor, Northern Ireland",4.6,34,,ChIJ_X7hD6l1YUgRsFTMAvY65bo
Lifted by Laura - Personal Training,personal trainer,07808 834392,"Unit 2, Lesley Retail Park, Boucher Rd, Belfast BT12 6HH, UK","Belfast, Northern Ireland",4.9,32,https://www.facebook.com/liftedbylaura.pt,ChIJiSJKig8JYUgRjGI2IOFPArE
North Down Barbell Club,personal trainer,07594 422329,"39 Regent St, Newtownards BT23 4AA, UK","Newtownards, Northern Ireland",4.9,31,,ChIJ1RkR5PB0YUgR8dyCIEN_kr0
Elite Cleaning Services,cleaning service,07756 059298,"45 Ashburn Ave, Londonderry BT47 5QE, UK","Belfast, Northern Ireland",4.6,28,,ChIJl1sROeXhX0gROIDbuxZl5D0
Sol Boyles Coaching,personal trainer,07581 060117,"Address 3 Rathdown walk, Lisburn, BT28 2RB, Lisburn BT27 5EA, UK","Lisburn, Northern Ireland",5,28,https://www.instagram.com/solboyles_coaching/,ChIJIfUYwK8FYUgRfKDDiDJ8aq0
Dirty Deeds Detailing,car detailing,07584 834769,"Gwynedd Body Shop, Lower Garage, Station Rd, Bangor LL57 1LZ, UK","Bangor, Northern Ireland",4.9,27,https://www.facebook.com/DirtyDeedsDetailingUK,ChIJEQ7CJoEHZUgRoOxz-qA0orw
GSC Autofix,mobile mechanic,07921 464971,"28 Balloo Dr, Bangor BT19 7QY, UK","Bangor, Northern Ireland",4.8,27,,ChIJ95ryGe11YUgR3JqNLv3HJeU
Groom HQ,dog groomer,07841 977580,"287 Newtownards Rd, Belfast BT4 1AG, UK","East Belfast, Northern Ireland",4.8,26,,ChIJd5JXqW4JYUgRvPSQu7bdSJg
A&E Car Wash Valeting,mobile valeting,07845 410997,"65 Rosemount Ave, Londonderry BT48 0HH, UK","East Belfast, Northern Ireland",4.4,26,https://www.facebook.com/AE-Carwash-Valet-Rosemount-527841180690015/,ChIJr0eND6jhX0gRgvtansYGqrM
Kee Kennels & Cattery,pet sitting,07894 068609,"11 Kee Rd, Campsie, Londonderry BT47 3PT, UK","West Belfast, Northern Ireland",4.8,26,,ChIJh0Xwvz8JYEgRaoNbv2dEOgs
Jay's Garden Services,gardening service,07546 610875,"9 Belgravia Park, Bangor BT19 6XB, UK","Bangor, Northern Ireland",5,25,https://www.facebook.com/jaysgardenservicesni,ChIJ10WDtp93YUgR4tcaIx7WmUI
Coco DeShed,mobile dog grooming,07882 661864,"88 Trillick St, Belfast BT5 4QZ, UK","Belfast, Northern Ireland",4.8,24,https://m.facebook.com/CocoDeShed/,ChIJe76qnG0JYUgR-8_CWHFyeRY
Aim2drive ni,driving instructor,07802 404038,"20 Greer Park Ave, Belfast BT8 7YF, UK","Belfast, Northern Ireland",5,24,,ChIJNf7sHoAvnUEREDHqn3FeJFk
What the Fluff dog grooming Sandy Row,dog groomer,07717 640608,"127 Sandy Row, Belfast BT12 5ET, UK","South Belfast, Northern Ireland",5,24,,ChIJLwTrY_QJYUgRMsWGdGXdka8
Burn More 24,personal trainer,07756 339372,"217-219 Templemore Ave, Belfast BT5 4FS, UK","South Belfast, Northern Ireland",5,24,https://www.facebook.com/burnmore24/,ChIJm9foKrMJYUgR4X2VGoczPgM
Doggie Day Centre,pet sitting,07580 049418,"73A Green Rd, Bangor BT19 7QA, UK","Bangor, Northern Ireland",4.8,24,http://www.facebook.com/doggiedaycentre/,ChIJ71HIbd11YUgRx0U1YHaYuss
Strength and Mind Fitness Studio,personal trainer,07476 036384,"243 Castlereagh Rd, Belfast BT5 5FL, UK","Belfast, Northern Ireland",5,23,,ChIJ3fCZBYoJYUgRB5EUOuFk47g
Mullaneycuts Mobile Barber,mobile barber,07934 845449,"21 Aghagay Meadows, Newtownbutler, Enniskillen BT82 8AE, UK","Lisburn, Northern Ireland",5,23,,ChIJu1GwWWpuF64RCfo_UPjUavQ
KG Gardening,gardening service,07883 590844,"11 Tower Rd, Conlig, Newtownards BT23 7PN, UK","Bangor, Northern Ireland",5,23,,ChIJldmTR_JLS40Rc5lmmNZeRYw
Dani Orr Hair,mobile hairdresser,07859 921430,"129 High St, Holywood BT18 9LG, UK","Holywood, Northern Ireland",4.7,23,,ChIJJ2IvaXQKYUgRX3UWRo05mkk
The Groomer,dog groomer,07763 684271,"Unit 2, 734 Upper Newtownards Rd, Belfast BT16 1RJ, UK","Belfast, Northern Ireland",4.6,22,https://www.facebook.com/ThegroomerNI,ChIJS7_7hkkLYUgRLm6OvKVDDKs
Jon's Tree Services N.I,tree surgeon,07729 189181,"19 Henderson Dr, Bangor BT19 1NR, UK","Bangor, Northern Ireland",4.9,22,,ChIJ8X-bVl9qd6cRc3P8JQmeQuY
Spellbound Styles,dog groomer,07394 587626,"144 Longstone St, Lisburn BT28 1TR, UK","Lisburn, Northern Ireland",5,21,,ChIJLdfW__cFYUgRA5FDpb6jK9w
Auto Hut,mobile mechanic,07544 280172,"17 Cardy Cl, Bangor BT19 1AT, UK","Bangor, Northern Ireland",5,21,,ChIJQZa9VEh1YUgRCON2An5LXGE
Posh Pooches Dog Groomers Castlereagh,dog groomer,07738 699554,"126 Orby Dr, Castlereagh, Belfast BT5 6BB, UK","Belfast, Northern Ireland",4.8,20,,ChIJL-8bm7MJYUgR_Qgu5S1rLsE
Puppy Love Dog Parlour,dog groomer,07834 557032,"75 Mercer St, Lisburn BT27 5AJ, UK","Lisburn, Northern Ireland",5,20,https://www.facebook.com/Puppylovedogparlour/,ChIJKV27tLkFYUgRshrlMIXcS6o
Urban Jungle Tree Surgeons,tree surgeon,07528 812413,"16 Brianville Park, Bangor BT19 6DZ, UK","Bangor, Northern Ireland",4.9,20,,ChIJVVW5a_idYUgRPM7bpUToiJ8
For Pup's Sake,dog groomer,07517 669178,"53B Church St, Newtownards BT23 4AN, UK","Newtownards, Northern Ireland",5,20,http://www.facebook.com/ForPupsSake2019,ChIJx15QYKF1YUgRwJOn8rfq_j4
Doggy Styling Dog Grooming,dog groomer,07551 707936,"34 Sydenham Park, Belfast BT4 1PW, UK","Belfast, Northern Ireland",5,19,,ChIJtyQK09YJYUgRE_v-xhDx-eg
Shiny Disco Paws Dog Grooming,dog groomer,07730 562930,"Glenhoy Dr, Belfast BT5 5LB, UK","Belfast, Northern Ireland",5,19,https://www.facebook.com/profile.php?id=100093633527765,ChIJkwITdKwJYUgRuj2XON4enCE
Piccolo Mondo,mobile catering,07710 856811,"10 Edenderry Rd, Belfast BT8 8LD, UK","Belfast, Northern Ireland",4.9,19,,ChIJHd80flIPYUgR9XzfJKwkOUQ
Counter Culture Real Bread,baker,07526 758647,"Unit 71, 2-4 Balloo Ave, Bangor BT19 7QT, UK","Bangor, Northern Ireland",4.6,19,,ChIJoR8ipu51YUgRt2gYfIeSCIk
Neutral Auto Care,car detailing,07951 842343,"Unit 12B, Lamon Estates, 149 Glen Rd, Comber, Newtownards BT23 5QU, UK","Newtownards, Northern Ireland",4.9,19,http://www.instagram.com/Neutral_Auto_Care,ChIJz-RzOtQNYUgR-AW4y5vInMM
Adorable Dogs,mobile dog grooming,07753 117195,"20 Maydown Rd, Strathfoyle, Londonderry BT47 6UJ, UK","Belfast, Northern Ireland",4.9,18,,ChIJSYkdi8MJYEgRnu4FufRnsl4
Kellys Family Bakery,baker,07921 095701,"252 Whitewell Rd, Newtownabbey BT36 7NH, UK","West Belfast, Northern Ireland",4.9,18,,ChIJCUAQcwCnYUgRgeNGsl_mh1k
Robbie Mullan painting and decorating,painter decorator,07858 395168,"1 Copeland Square, Donaghadee BT21 0JZ, UK","Bangor, Northern Ireland",5,18,,ChIJG4_fIqN3YUgRq_3S2OG14Fs
Top Dog Grooming,dog groomer,07308 969076,"Noel’s Top Dog Grooming, Sloe Cottage, 42 Holywood Rd, Belfast, Newtownards BT23 4TQ, UK","Holywood, Northern Ireland",4.7,18,https://www.facebook.com/noelstopdoggrooming/,ChIJz2mbJMQJYUgRN2vj_FXS0sI
The Beauty Bar Comber,mobile beauty therapist,07384 408121,"Bt235bg, The Beauty Bar, Coronation Cres, Comber, Newtownards BT23 5BG, UK","Newtownards, Northern Ireland",4.8,18,https://www.facebook.com/TheBeautyBar12a/,ChIJb2CPL64MYUgRFfc1XL9Cmfw
Daisy Ducks dog grooming,dog groomer,07413 005070,"13 Newton Heights, Belfast BT8 6HA, UK","Belfast, Northern Ireland",5,17,https://www.facebook.com/share/19yS4YYPHL/?mibextid=wwXIfr,ChIJyZFLEbgPYUgRffk2TR0PDcM
Every Last Detail NI,mobile car wash,07738 094556,"258 Lagmore Meadows, Dunmurry, Belfast BT17 0TJ, UK","Belfast, Northern Ireland",5,17,,ChIJWTqwmK4HYUgRHHpv2Yvwl4k
Diamond Detailing,car detailing,07912 608654,"Dunmurry, Belfast BT17 9HN, UK","Belfast, Northern Ireland",4.9,17,https://www.facebook.com/diamond4detailing,ChIJnW8p79QFYUgRtpdlx3e_BMM
Garden Buddy,gardening service,07591 124249,"Ravenhill Ave, Belfast BT6 8LL, UK","Belfast, Northern Ireland",4.6,17,,ChIJ63RsAxAJYUgRkwo5az3gjuk
JC Automotive,mobile mechanic,07481 305301,"38a Beanstown Rd, Lisburn BT28 3NY, UK","Lisburn, Northern Ireland",5,17,,ChIJ3U92ZNwFYUgRBR82rFQll10
Cat Bullock Personal Training,personal trainer,07584 033145,"29 High St, Bangor LL57 1NP, UK","Bangor, Northern Ireland",5,17,,ChIJVbFRvF8HZUgRIJcE7Z6-uo0
Unbreakable Fitness & Nutrition,personal trainer,07704 952026,"Belsize Rd, Lisburn, BT27 BT27 4HY, UK","Lisburn, Northern Ireland",5,16,,ChIJLeduwvAFYUgRvWjuFOZxjtg
AK Decking and Fencing,landscaping,07935 198445,"55 Drumbeg Dr, Lisburn BT28 1PX, UK","Lisburn, Northern Ireland",5,16,,ChIJUUVo_i4FYUgRlwKVnPhWgcg
Just Jades Mobile Barber,mobile hairdresser,07930 850827,"Ballyquinton Gardens, Bangor BT19 1SG, UK","Bangor, Northern Ireland",4.8,16,,ChIJjzZ9d2J1YUgRmuwA_X08H30
JR Painting and Decorating,painter decorator,07732 000944,"62 Willowbrook Park, Bangor BT19 7GY, UK","Bangor, Northern Ireland",4.8,16,https://www.facebook.com/profile.php?id=100005152275674,ChIJky6RzPh1YUgRPhcyt0PxUIU
Gadget Hub,mobile mechanic,07344 945477,"27 Holywood Rd, Belfast BT4 3BA, UK","Holywood, Northern Ireland",4.8,16,,ChIJ_VxBsNkJYUgRfIK2y-pWcBg
Root & Branch Tree Services Ltd.,tree surgeon,07307 852155,"67 Church Rd, Belfast BT8 7AN, UK","Belfast, Northern Ireland",5,15,,ChIJN2iCGRkJYUgRcQP8RN4C3SE
Dan Gilmore,mobile mechanic,07979 247438,"7 Norbury St, Belfast BT11 8AD, UK","Belfast, Northern Ireland",4.9,15,,ChIJnfyAHykGYUgRY1qbokrarF8
Kasey's Drum Lessons,music teacher,07817 055097,"20 Clara Rd, Belfast BT5 6FN, UK","South Belfast, Northern Ireland",5,15,,ChIJ5wVdywYJYUgRataTohTHRC4
Kd Kennels,pet sitting,07809 839799,"8b Agars Rd, Lisburn BT28 2TQ, UK","Lisburn, Northern Ireland",5,15,,ChIJUUUbRq0DYUgR_HIbyOkZemA
Supreme Cleaning,cleaning service,07459 482836,"8 Creeve Pl, Lisburn BT28 1UT, UK","Lisburn, Northern Ireland",5,15,,ChIJgSWiB3sFYUgR6IrMXWWb6jA
Vanity Fur by Lynn,dog groomer,07305 180620,"2a Cotton Road Six Road Ends Facing, Nash's garden center, Bangor BT19 7QG, UK","Bangor, Northern Ireland",4.7,15,,ChIJ3QIZ5vJ1YUgRzTjgdtgSchI
MALL Details,mobile car wash,07400 902920,"10 Church Dr, Bangor BT20 3EE, UK","Bangor, Northern Ireland",5,15,,ChIJ8yNsrHWfYUgR8dlCzXQPaV0
All Seasons Garden Tree Services,gardening service,07711 538221,"13 Carlton Park, Bangor BT19 6WR, UK","Bangor, Northern Ireland",4.9,15,https://www.facebook.com/Mrrotavator/,ChIJp6bw2AZ2YUgRJqSyKHD24d8
Mona Tamim Beauty Salon,mobile beauty therapist,07877 078292,"29 Mount Pleasant Dr, Newtownards BT23 4WL, UK","Newtownards, Northern Ireland",5,15,,ChIJvwDJXz51YUgR1Q0XLyxKvRA
A star cleaners,cleaning service,07599 516681,"Shackleton Walk, Newtownards BT23 4RE, UK","Newtownards, Northern Ireland",5,15,https://www.facebook.com/profile.php?id=100093024333455,ChIJkz8oQa91YUgRf_mWA6Ur8Uk
Belfast Cake Boutique,wedding cake maker,07935 648281,"1A Ballycraigy Rd, Glengormley, Newtownabbey BT36 5ZZ, UK","Belfast, Northern Ireland",5,14,https://www.instagram.com/belfast_cake_boutique/,ChIJaz1D1LCnYUgReIsEru7-QUw
Mutt Hutt NI Ltd,pet sitting,07763 578169,"2 Hawe Rd, Bangor BT19 6NB, UK","Bangor, Northern Ireland",5,14,,ChIJ57rGFCF2YUgR-LBCNCncjv4
Beauty & Holistic Therapy,mobile beauty therapist,07514 200344,"117 Milltown Rd, Belfast BT8 7XP, UK","Belfast, Northern Ireland",5,13,,ChIJ34wLONAJYUgRtB5l8le-zys
Evergreen Tree Surgery & Landscaping,landscaping,07955 214345,"Unit 777, Moat House, 54 Bloomfield Ave, Belfast BT5 5AD, UK","Belfast, Northern Ireland",5,13,,ChIJrfHH2lMJYUgR2-7uUN_ddYo
Sandra's Luscious Cakes,wedding cake maker,07561 829565,"27 Glenside Park, Drumbo, Lisburn BT27 5LG, UK","Belfast, Northern Ireland",5,13,,ChIJy_leI30PYUgR4sGJHXv85Ys
Em car valeting,mobile valeting,07494 483951,"Hollyvale, Mossley, Newtownabbey BT36 5NG, UK","North Belfast, Northern Ireland",5,13,,ChIJ_aS_6VGnYUgRVYCoMlhpFD0
Barkingham palce,dog groomer,07752 315817,"69 Drumbeg Dr, Lisburn BT28 1QE, UK","Lisburn, Northern Ireland",4.7,13,,ChIJP8IrMHwEYUgRyNQSt2qASCQ
RPM mobile tyre and roadside assistance,mobile mechanic,07938 546525,"Hillhall Rd, Hillhall, Lisburn BT28 1UR, UK","Lisburn, Northern Ireland",4.7,13,,ChIJJ5C-vIkFYUgRnDCoZXGNqm0
Inca Road Studios,music teacher,07515 469273,"Unit 35 Enterprise Cres, Lisburn BT28 2BP, UK","Lisburn, Northern Ireland",4.9,13,,ChIJBcxGrCMFYUgRMpqltsBSHvU
Tails and Trails Bangor,dog groomer,07803 592805,"18 Hampton Park, Bangor BT19 7GL, UK","Bangor, Northern Ireland",5,13,https://www.facebook.com/TailsandTrailsBangor,ChIJBasZReR1YUgRDlNYNtYX1AQ
Dog Lead Go!,pet sitting,07730 398300,"2 Hawthorne Ct, Bangor BT20 3HR, UK","Bangor, Northern Ireland",5,13,,ChIJXQv7PTI9mY4RNbrFEhloP1I
JD Hair | Hair Stylist | Hair Salon | Mobile Hairdresser | Lisburn,mobile hairdresser,07889 083774,"14a Seymour St, Lisburn BT27 4XF, UK","Belfast, Northern Ireland",5,12,https://www.facebook.com/HairDoneByJD,ChIJXxFwiZgFYUgRHdWvkTRI67E
KAT'S Beauty Studio & Mobile Beauty Services,mobile beauty therapist,07706 758181,"8 Blackhall St, Kircubbin, Newtownards BT22 2QU, UK","Belfast, Northern Ireland",5,12,,ChIJaZF_by9wYUgRKMf4oH9uJ3g
Beauty Lane Lisburn,mobile beauty therapist,07841 654687,"53 Glen Rd, Lisburn BT27 5JR, UK","Lisburn, Northern Ireland",5,12,https://www.facebook.com/NailAvenueBeautylisburn/,ChIJj87bNJoFYUgRj5cKfrYas7Y
Debbie Morton Beauty And Holistic Therapies,mobile beauty therapist,07800 588278,"29 Robbys Point, Donaghadee BT21 0JU, UK","Bangor, Northern Ireland",5,12,,ChIJTxNO3pB3YUgRb_nlnhC0My4
The Dog Stylists,dog groomer,07885 974196,"21 Movilla St, Newtownards BT23 7JG, UK","Newtownards, Northern Ireland",3.7,12,,ChIJf05t8I51YUgRkcrdObMp4X4
Wash n Wax Worx,mobile car wash,07354 036065,"30 Comber Rd., Newtownards BT23 4QP, UK","Newtownards, Northern Ireland",3.6,12,,ChIJjQFNwUV1YUgR3Fxvp_CsqNE
Castlereagh Cleaning Company,cleaning service,07738 007914,"Castlereagh Rd, Castlereagh, Belfast BT6 9NR, UK","East Belfast, Northern Ireland",5,11,,ChIJiyXubG8JYUgRLHI3cpUyk1U
K.B. Painting&Decorating,painter decorator,07552 563007,"90 Circular Rd, Newtownards BT23 4BW, UK","Bangor, Northern Ireland",5,11,https://www.facebook.com/KB-PaintingDecorating-109900454264447,ChIJ80pcvyp1YUgRaExpgiE64ww
Ashview Dog Grooming,dog groomer,07473 229760,"25 Lisbarnet Rd, Lisbane, Newtownards BT23 6AW, UK","Newtownards, Northern Ireland",5,11,https://www.facebook.com/ashviewdoggrooming,ChIJlWGMoFFzYUgRKvKILMieqfo
Kings Dog Groomers,dog groomer,07903 868733,"239 Falls Rd, Belfast BT12 6FB, UK","Belfast, Northern Ireland",5,10,https://www.facebook.com/profile.php?id=61559805326332,ChIJoTxl7gIJYUgREwQDRK0Q558
Dog Gone Walking NI,pet sitting,07597 373746,"Inverwood Gardens, Belfast BT4 1RG, UK","East Belfast, Northern Ireland",4.6,10,,ChIJWaj8b4YJYUgRZ2KK9KmK_ss
Lisburn Photography Studio,wedding photographer,07933 628585,"63 Bachelors Walk, Lisburn BT28 1XN, UK","Lisburn, Northern Ireland",5,10,,ChIJdQH7LMkFYUgRb-uD8U1NAHc
Advanced Tiling & Bathroom Refurbs,tiling contractor,07763 652706,"18 Cuttles Ct, Comber, Newtownards BT23 5YR, UK","Bangor, Northern Ireland",5,10,,ChIJOQFyCbsMYUgRAQYY5LrwVP8
The Beauty Spot By Michelle,mobile beauty therapist,07979 930652,"1 Dairy hall lane, Newtownards, Bt23 4db, Newtownards BT23 4AE, UK","Newtownards, Northern Ireland",4.9,10,,ChIJfTQI8u90YUgROsoyYczkaIg
Donna's Paw Parade,pet sitting,07900 691957,"19 Ringhaddy Park, Newtownards BT23 8XQ, UK","Newtownards, Northern Ireland",5,10,https://www.facebook.com/donnaspawparade,ChIJqWNPL8F1YUgRIQi37buRnXA
Big 4 Garden Maintenance,gardening service,07849 737430,"30 Blenheim Dr, Newtownards BT23 4RA, UK","Newtownards, Northern Ireland",4.6,10,,ChIJNw8Nn5Z0YUgRwiTj7vHp44c
Paws in Safe Hands.,pet sitting,07540 746840,"90 Broomhill Park, Coleraine BT51 3AN, UK","North Belfast, Northern Ireland",5,9,,ChIJ3_On05w7YEgRIh3RXOgF9S4
Mcdog's Play Centre Lisburn,pet sitting,07379 145201,"47 Waterloo Rd, Lisburn BT27 5NW, UK","Lisburn, Northern Ireland",5,9,,ChIJS2xInBsFYUgR2ANUp_uW4mY
Welcome Thai message,mobile massage therapist,07922 797794,"McKeown St, Lisburn BT28 1BD, UK","Lisburn, Northern Ireland",4.4,9,,ChIJJR25PDIFYUgROgzsTitHpP0
Ya Filthy Animals Bangor,dog groomer,07359 327196,"Unit 29, 8 Balloo Dr, Bangor BT19 7QY, UK","Bangor, Northern Ireland",5,9,https://www.facebook.com/Yafilthyanimalbangor/,ChIJF6v9lrJ1YUgRapbRPHtMRLY
Wellness Clinic,mobile massage therapist,07763 742014,"4 Henalta Wood, Bangor BT19 1FQ, UK","Bangor, Northern Ireland",5,9,,ChIJbZglZkh1YUgRFK_ezk4LLkk
Nuba Wax - Car Wax Products Northern Ireland,car detailing,07773 817115,"6 Clifton Mnr, Bangor BT20 5DZ, UK","Bangor, Northern Ireland",5,9,,ChIJ1_mAMPafYUgR1Ox-n1B6Wes
Kennedy tiling,tiling contractor,07886 793650,"17 Fernbank Rd, Bangor BT19 6GA, UK","Bangor, Northern Ireland",5,9,,ChIJiQKkofR1YUgR3zNBL5Ike38
Beautybysiobhan,mobile beauty therapist,07814 380201,"18 South Street Access, via, car park, South St, Newtownards BT23 4JT, UK","Newtownards, Northern Ireland",5,9,,ChIJ0wZpXkl1YUgRtR1ctJYCC_o
The Paw Wash,dog groomer,07596 590218,"2 Mill St, Newtownards BT23 4LU, UK","Newtownards, Northern Ireland",5,9,,ChIJwRkjMpF1YUgR5kniVKlDO6Y
MA Lawns And Landscaping,gardening service,07583 696780,"47 River Hill Ln, Newtownards BT23 7GQ, UK","Newtownards, Northern Ireland",5,9,https://m.facebook.com/MA-Lawns-Landscaping-1628178567411955/,ChIJQTsHA-93YUgRVtW4axCcUN0
Elite Personal Training Studio,personal trainer,07921 908303,"Unit 22, 308 Albertbridge Rd, Belfast BT5 4GX, UK","East Belfast, Northern Ireland",4.6,8,https://www.facebook.com/ElitePTstudioBelfast/,ChIJASnZgwoJYUgRlAMfzFPIVV4
Massage Therapy-Gosia,mobile massage therapist,07463 439944,"11 Glenbryn Park, Belfast BT14 7JG, UK","West Belfast, Northern Ireland",5,8,,ChIJa5l231YJYUgR0hGLuUwLgV8
Shine Mobile Valeting,mobile car wash,07983 226227,"3 Ballywillin Cres, Portrush BT56 8GJ, UK","North Belfast, Northern Ireland",4.9,8,,ChIJ-VwML7clYEgRNbEXuZO2z4g
Hidden Beauty,mobile beauty therapist,07714 536918,"Unit 224 Enterprise Cres, Lisburn BT28 2BP, UK","Lisburn, Northern Ireland",5,8,,ChIJvwJ3JIgDYUgRX3sGt65doAY
Stonebridge Painting and Decorating,painter decorator,07967 087534,"3 Stonebridge Ct, Stonyford, Lisburn BT28 3EL, UK","Lisburn, Northern Ireland",5,8,,ChIJV39otLIBYUgRYY0Fly6_NuM
Bonnie B's Cattery,pet sitting,07834 556254,"16 Cranley Dr, Bangor BT19 7BZ, UK","Bangor, Northern Ireland",5,8,,ChIJdWCZMfx1YUgROANh9DzTZE4
Jacobs House Dog Home Boarding Kennels Ards Peninsula Northern Ireland,pet sitting,07557 580777,"10 Hillside, Portavogie, Newtownards BT22 1EZ, UK","Bangor, Northern Ireland",5,8,,ChIJNTKxyqRlYUgRLZNsCH1dBAI
Precision Details,mobile car wash,07403 766743,"8 Ensbury Dr, Bangor BT19 6UF, UK","Bangor, Northern Ireland",5,8,http://www.facebook.com/precisiondetailsni,ChIJR4FHAo4TYUgRsWQtZyUFCNI
The Beauty Studio,mobile beauty therapist,07361 253721,"29 Church Rd, Holywood BT18 9BU, UK","Holywood, Northern Ireland",5,8,,ChIJ2WPpkXYKYUgRMxpOnBcbqTQ
lauren pinkney health & fitness ltd,personal trainer,07402 953082,"Unit C6, Park, Strangford House, Jubilee Rd, Newtownards BT23 4YH, UK","Newtownards, Northern Ireland",4.8,8,https://m.facebook.com/laurenpinkneyhealthandfitness/?ref=bookmarks,ChIJwQN80Xl1YUgRYDm90if0Aa0
Learn to drive with Craig,driving instructor,07740 192927,"Lisbane Dr, Newtownards BT23 4PY, UK","Newtownards, Northern Ireland",5,8,,ChIJw-HIeN11YUgR3iwQMFS9O44
Gibsons Grooms (Mobile Dog Groomer),mobile dog grooming,07858 304615,"202 Moira Rd, Lisburn BT28 2SN, UK","Belfast, Northern Ireland",4.7,7,,ChIJAQDRpYQDYUgRQu2ru8KbOGc
Kitty Sitter NI,pet sitting,07808 522431,"Crumlin Rd, Belfast BT14 7EE, UK","Belfast, Northern Ireland",5,7,,ChIJZQFHGiEJYUgRj6C__cEkIj0
Antrim Pet Services,pet sitting,07525 182003,"40 Kilgavanagh Rd, Antrim BT41 2LJ, UK","Belfast, Northern Ireland",5,7,https://www.facebook.com/profile.php?id=61553846786249,ChIJ3QUi-sutYUgRtbKgPNOJ5eE
KeenCut Gardens,gardening service,07365 958989,"Glendarragh, Belfast BT4 2WB, UK","Belfast, Northern Ireland",5,7,https://www.facebook.com/profile.php?id=61555637921177,ChIJ_QgifC8LYUgRj_ua-MNO_I8
Acorn wood services,tree surgeon,07849 965593,"Millreagh Grv, Belfast BT16 1AH, UK","Belfast, Northern Ireland",5,7,,ChIJ8wwgCDcLYUgRAsJy2QaflUg
Belfast Car Mechanic & Breakdown Recovery,mobile mechanic,07955 977616,"Unit 2, 10 Hydepark Rd, Newtownabbey BT36 4PY, UK","Belfast, Northern Ireland",5,7,,ChIJH6SbhACpYUgRZZp0EfVWh4U
Emc Autos Mobile Mechanic,mobile mechanic,07871 717678,"80A Culmore Rd, Londonderry BT48 8JB, UK","Belfast, Northern Ireland",5,7,,ChIJWUNOnZ7jX0gRtOFCSAhsD4w
Auto Electric Services,mobile mechanic,07964 018331,"8 My Ladys Rd, Belfast BT6 8FB, UK","East Belfast, Northern Ireland",4.1,7,,ChIJWTFDpgYJYUgRwSKcPdKJ4NI
Poppy's Pawsome Pups Dog Groomers Lisburn,dog groomer,07900 353002,"12 Bridge St, Lisburn BT28 1XZ, UK","Lisburn, Northern Ireland",5,7,,ChIJ2-ImHEsFYUgR5O1LrelxoTA
Premier detailing ni,mobile car wash,07734 791302,"25 Hillhall Rd, Lisburn BT27 5BX, UK","Lisburn, Northern Ireland",3.9,7,,ChIJnW6hXhgvYUgR1y4COFzh074
Helen's Bay Dog Grooming,dog groomer,07729 038420,"10 Coastguard Ave, Helen's Bay, Bangor BT19 1JY, UK","Bangor, Northern Ireland",4,7,https://www.facebook.com/profile.php?id=100088455851530&mibextid=LQQJ4d,ChIJ-eJmnrCfYUgRrbsDaUPrugI
Bayview Mobile Caravan Cleaning,mobile car wash,07454 908365,"1 Cove Ln, Groomsport, Bangor BT19 6HU, UK","Bangor, Northern Ireland",5,7,,ChIJA1gzUbWdYUgRaJ1j3eLXGGA
Vivid External Cleaning Services,cleaning service,07584 949582,"71 Green Rd, Bangor BT19 7QA, UK","Bangor, Northern Ireland",5,7,,ChIJCWIhkyh1YUgRTHg6UNeRNE0
Little Mama Health & Beauty,mobile beauty therapist,07539 722035,"Suite 5, Regent House, 35 Regent St, Newtownards BT23 4AD, UK","Newtownards, Northern Ireland",4.7,7,http://facebook.com/littlemamahealthbeauty,ChIJVY3YhXh1YUgR2RRW9bjDhbo
Limitless Fitness,personal trainer,07340 797233,"Unit 5, The Precinct, South St, Newtownards BT23 4JT, UK","Newtownards, Northern Ireland",5,7,,ChIJ_WY8qx91YUgRMxpXrqmkdaQ
Momentum Health & Fitness,personal trainer,07902 933656,"35 Hawthorn Hill, Newtownards BT23 8ET, UK","Newtownards, Northern Ireland",5,7,,ChIJccJwFI11YUgRGwFW3j0ebNE
C M D Ground & Tree Services,tree surgeon,07715 116010,"42 Cloughey Rd, Portaferry, Newtownards BT22 1NQ, UK","Newtownards, Northern Ireland",4.6,7,,ChIJZSvJAippYUgRQAvrVs5n0do
Dolores McCormick Registered Childminder,chilminder,07933 603285,"49 Strangford Rd, Downpatrick BT30 6SL, UK","Belfast, Northern Ireland",5,6,,ChIJ1UbmDpUVYUgRg6ew0Pun9dw
lambeg dog walkers,pet sitting,07748 247675,"Seymour St, Lisburn BT27 4XF, UK","Lisburn, Northern Ireland",5,6,https://www.facebook.com/dogwalkerslambeg/,ChIJ-wmwlTkEYUgRSa5wyfiEDj0
Mrs B’s Precious Paws Pet Sitting and Cattery,pet sitting,07796 786731,"15 Aghnacarra Rd, Lisbellaw, Enniskillen BT94 5HX, UK","Lisburn, Northern Ireland",5,6,,ChIJzyHME1I_XkgRQkVRSdHZvOA
Emerald Autocare,mobile car wash,07507 712017,"Blaris Rd, Lisburn BT27 5RA, UK","Lisburn, Northern Ireland",5,6,https://www.facebook.com/EmeraldAutocare.Detailing/,ChIJ2zZKeJ4EVg4RSnd1eKcskL8
Lisburn Cabs Company,taxi service,07779 559595,"Lisburn BT28 2RH, UK","Lisburn, Northern Ireland",4.8,6,https://m.facebook.com/people/Lisburn-Cabs-Company/61553837923292/?locale=en_GB,ChIJRQJAEAAFYUgRZOFuNnH-l7M
PuppyLove dog grooming NI,dog groomer,07522 931674,"28 Central Ave, Bangor BT20 3AF, UK","Bangor, Northern Ireland",5,6,,ChIJZZh3vzl3YUgRTyXft_sdfpk
Elite pet styling,dog groomer,07565 480438,"24 Brook Ln, Bangor BT19 1ST, UK","Bangor, Northern Ireland",4.7,6,,ChIJVQBGAJR1YUgR16EFfF0CL3M
Relight - Mind & Body,personal trainer,07725 356675,"Main St, Bangor BT20 4HD, UK","Bangor, Northern Ireland",5,6,,ChIJmXOV8gidYUgRcLvFdvrLMfE
JB Photography Online,event photographer,07925 294815,"8 Rock Hill, Donaghadee, Bangor BT21 0FB, UK","Bangor, Northern Ireland",4.8,6,,ChIJ_W86GpWdYUgRlVypEDkAx0A
GroundsMen Garden & Fencing Services,gardening service,07851 047614,"33 Ballyhalbert Gardens, Bangor BT19 1SE, UK","Bangor, Northern Ireland",5,6,,ChIJ_a3hEo74gKgR1rQsfLzTe2M
C.P. Tree Services,tree surgeon,07889 359754,"Victoria Rd, Bangor BT20 5EX, UK","Bangor, Northern Ireland",5,6,,ChIJO35XfKyfYUgRbsh9HUe8wwQ
Áine McMenamin Piano and Cello Tuition,music teacher,07845 836846,"7 Stonebridge Square, Conlig, Bangor, Newtownards BT23 7QU, UK","Bangor, Northern Ireland",5,6,,ChIJHY5M382fYUgRwFBpDq88DEA
RGS Drive Safe,driving instructor,07850 552626,"Sinclair Dell, Bangor BT19 1ED, UK","Bangor, Northern Ireland",5,6,,ChIJZX1Xj1CfYUgRq9QPkHCIU8E
ABFAB Painters And Decorators,painter decorator,07808 540732,"12 Devon Dr, Sydenham, Belfast BT4 1LF, UK","Holywood, Northern Ireland",4,6,,ChIJC4LzA5wJYUgR2vDTLfJDQAk
Pawz 4 Fun,pet sitting,07885 499863,"25 Springmount Rd, Ballygowan, Newtownards BT23 6NF, UK","Newtownards, Northern Ireland",4.3,6,,ChIJc-iEKMoNYUgReS9h3O-5qNE
Your Style Spraying Solutions,painter decorator,07904 976189,"9 Movilla Mews, Newtownards BT23 8WN, UK","Newtownards, Northern Ireland",5,6,,ChIJ3VxmK3N1YUgRhNxH1U-rVng
Jet n Vac cleaning services,cleaning service,07817 284844,"Cairndore Way, Newtownards BT23 8PB, UK","Newtownards, Northern Ireland",5,6,,ChIJB8PwT2B1YUgRS6qXxYYcKg8
Nina’s Notes,music teacher,07783 127025,"1 Whiterock Rd, Killinchy, Newtownards BT23 6PR, UK","Newtownards, Northern Ireland",5,6,https://www.facebook.com/share/1V2XwVj6gd/?mibextid=wwXIfr,ChIJm7NdfLltYUgR3LJtutXiGFs
Power Pups Grooming,mobile dog grooming,07948 091017,"174G Lenadoon Ave, Belfast BT11 9HF, UK","Belfast, Northern Ireland",5,5,,ChIJ66RFndcHYUgReN2BBVhOJpk
Greenfingers Gardening Services,gardening service,07878 761896,"42 Mount Eagles Square, Dunmurry, Belfast BT17 0GZ, UK","Belfast, Northern Ireland",4.8,5,,ChIJnb0UopsGYUgRrbDY-tNCPmc
Nanny B's Childminding,chilminder,07739 404549,"155 Horn Dr, Belfast BT11 9NF, UK","Belfast, Northern Ireland",5,5,,ChIJF9WNsgwHYUgR64LeifBn9Iw
Tim The Mobile Barber,mobile hairdresser,07921 354588,"04 Ardvanagh Park, Bangor, Newtownards BT23 7XG, UK","East Belfast, Northern Ireland",5,5,,ChIJqzhTLzF1YUgRIxN4g4dpEzM
The Bakery,baker,07352 961228,"105 Alliance Ave, Belfast BT14 7NT, UK","West Belfast, Northern Ireland",5,5,,ChIJe8mtfKkJYUgRuAV1Amp-to4
Soanna Beauty,mobile beauty therapist,07766 074157,"511 Upper Newtownards Rd, Belfast BT4 3LL, UK","South Belfast, Northern Ireland",5,5,http://www.facebook.com/soannabeauty,ChIJU9k3gR8JYUgRKTp4NTPV4yI
Suds & Snips,dog groomer,07741 572050,"91 Park Ave, Belfast BT4 1JJ, UK","South Belfast, Northern Ireland",5,5,,ChIJG9goavcJYUgRjC2pas_eqyU
Magee Landscapes & Garden Maintenance,gardening service,07557 298592,"9B Ballyvannon Rd, Upper Ballinderry, Lisburn BT28 2LD, UK","Lisburn, Northern Ireland",5,5,,ChIJ103w_lT-YEgRW15FARDlG5w
Crumbs,mobile catering,07784 412886,"Lisburn BT28 1RT, UK","Lisburn, Northern Ireland",4.2,5,,ChIJf9JHOYcDYUgRgAQnwvPJp0o
Blankets & Bones,pet sitting,07747 842221,"46 Cleland Park N, Bangor BT20 3EN, UK","Bangor, Northern Ireland",4.8,5,,ChIJ7eJXaK11YUgR2WQ4zKfYJrk
Garden worx,gardening service,07719 767129,"20 Woodford Grange, Bangor BT19 6ZA, UK","Bangor, Northern Ireland",5,5,,ChIJf_GW7gZ2YUgRoOShG3X-fBw
Easy Lay Tiling,tiling contractor,07974 692490,"39 Whitethorn Dr, Newtownards BT23 8WS, UK","Bangor, Northern Ireland",5,5,,ChIJVyXciER0YUgRYYBq3q6MO_o
54 Degrees North Landscape Photography,freelance photographer,07892 899961,"73 St George's Market, 69 Oxford St, Belfast BT1 3LA, UK","Holywood, Northern Ireland",5,5,,ChIJQZwwm_8IYUgRXGIdtFVZrXc
The Beauty Rooms,mobile beauty therapist,07813 984835,"300 Bangor Rd, Newtownards BT23 7PH, UK","Newtownards, Northern Ireland",5,5,,ChIJ-1NZvq91YUgRGjUXA_9gs6E
Debut Drive,driving instructor,07834 468641,"7 Benford Dr, Newtownards BT23 8TH, UK","Newtownards, Northern Ireland",5,5,,ChIJyaG4rEh0YUgRcVNAVXhbU3U
Drakes Landscaping & Handyman Services,handyman,07707 321794,"Moyle Walk, Belfast BT8 7ER, UK","Belfast, Northern Ireland",5,4,https://www.facebook.com/Drakes-Landscaping-Handyman-Services-101475905339596,ChIJ7eZME-MPYUgRPSgr9lrw6hU
Ivanhoe Painters & Decorators,painter decorator,07719 324897,"560 Saintfield Rd, Belfast BT8 8BL, UK","Belfast, Northern Ireland",5,4,,ChIJRS2-plAPYUgR9CuFlQnlEZM
LK Tiling,tiling contractor,07779 091376,"73 Carlane Rd, Randalstown, Antrim BT41 3LY, UK","Belfast, Northern Ireland",5,4,,ChIJ1xc5DitRYEgRFNF_n0-HqMg
Midnight Cakes,wedding cake maker,07872 427237,"50 Ravenhill Ave, Belfast BT6 8LG, UK","Belfast, Northern Ireland",5,4,,ChIJFRuMad0JYUgRltH6x2-s2BE
AOT Autocare,car detailing,07909 962267,"24 Annadale Ter, Belfast BT7 3DH, UK","West Belfast, Northern Ireland",4.5,4,,ChIJs1giCvQJYUgRv-YS9cB1v9E
Ards Handyman Services,handyman,07766 004100,"A20, Comber, Newtownards BT23 5AZ, UK","South Belfast, Northern Ireland",4,4,,ChIJGXHp8EB1YUgRMX1GOvWB5Nc
allFIT,personal trainer,07545 004196,"Unit 37, Enterprise Organisation, Lisburn BT28 2BP, UK","Lisburn, Northern Ireland",5,4,https://www.facebook.com/allfitni/,ChIJHbsrNNMDYUgRLJvEuJEcVqw
Paddywhacks Groom Room,dog groomer,07843 806373,"Pod 4, 19 Enterprise Rd, Bangor BT19 7TA, UK","Bangor, Northern Ireland",5,4,,ChIJ7RgR1Jx1YUgRdx1NrN0H170
Eat Fit NI,personal trainer,07598 725818,"95a Victoria Rd, Bangor BT20 5ER, UK","Bangor, Northern Ireland",5,4,,ChIJZ_XsofifYUgRev50T7SX7Bw
MMB Catering,mobile catering,07746 419272,"21 Carnony Rd, Omagh BT79 7TF, UK","Bangor, Northern Ireland",5,4,,ChIJF9BAsEjTX0gR7fG13BEYZDc
C.A.M Cleaning Solutions,cleaning service,07485 416197,"210 High St, Bangor LL57 1NY, UK","Bangor, Northern Ireland",5,4,https://www.facebook.com/cerimetcalfe/,ChIJCQs5IiwHZUgRdmx_7qSt1K0
Prestige Car Valeting & Detailing,mobile car wash,07734 231374,"8 Redburn Square, Holywood BT18 9JF, UK","Holywood, Northern Ireland",4.8,4,,ChIJn8xnV3QKYUgRiLQd1zX_b4U
DogFace Grooming,dog groomer,07542 927085,"9 Bridge St, Comber, Newtownards BT23 5AT, UK","Newtownards, Northern Ireland",4.8,4,,ChIJM6uteq8NYUgRnXGvix8B5lQ
Great Tails,pet sitting,07707 355087,"Manse Rd, Glastry, Newtownards BT22 1DR, UK","Newtownards, Northern Ireland",5,4,https://www.facebook.com/GreatTailsGlastry/,ChIJtZtTY3lvYUgRB3Wu9Ur_PxU
Philippa Whitham Complementary Therapist (Speaclist in integrative holistic therapy for cancer and palliative care patients),mobile massage therapist,07379 289242,"4 Abbey Mews, Newtownards BT23 8FA, UK","Newtownards, Northern Ireland",5,4,,ChIJXePCFLN1YUgRqq-MHP_xxjk
CB Detailing & Valet,car detailing,07568 536486,"4 Strangford Heights, Newtownards BT23 8ND, UK","Newtownards, Northern Ireland",5,4,,ChIJVXnvNoJ1YUgRKDvagW-1JNA
Care Cabs,taxi service,07496 363657,"5 Gibsons Ln, Newtownards BT23 4LJ, UK","Newtownards, Northern Ireland",4,4,,ChIJNyGbNfB0YUgR8s1hgFW8oO8
FAREWAYS TAXIS,taxi service,07766 708280,"14 Quinton Park, Newtownards BT23 4PR, UK","Newtownards, Northern Ireland",5,4,,ChIJU5-SOF51YUgRzQU5c9sOeXE
purple taxi,taxi service,07922 582419,"1A Blackabbey Rd, Greyabbey, Newtownards BT22 2RH, UK","Newtownards, Northern Ireland",5,4,,ChIJh7w3E4hwYUgR_isOwHSCXmw
Alastair Smyth Driving Instructor,driving instructor,07711 145110,"52 Lawnbrook Dr, Newtownards BT23 8XD, UK","Newtownards, Northern Ireland",5,4,https://www.facebook.com/alastair.smyth.12,ChIJO1G0wV91YUgRP0DT7lmTA1g
Kerry's Mobile Dog Grooming,mobile dog grooming,07989 793462,"10 Avonmere, Craigavon BT64 1AN, UK","Belfast, Northern Ireland",5,3,,ChIJqbody-wcYUgRqsJRXInnGjQ
Mojo's Mobile Dog Grooming,mobile dog grooming,07748 464850,"Ballyphilip Rd, Portaferry, Newtownards BT22 1RD, UK","Belfast, Northern Ireland",5,3,,ChIJ5y_ECXdpYUgRHPcN0jwY2eA
Four seasons landscaping N.I,landscaping,07732 341215,"21 Springfield Meadows, Belfast BT13 3QS, UK","Belfast, Northern Ireland",5,3,,ChIJN5omRXkIYUgR5oc3_OWjOjQ
GH Tiling,tiling contractor,07837 893981,"54 Roddens Cres, Belfast BT5 7JP, UK","Belfast, Northern Ireland",5,3,,ChIJBxZ4qWcJYUgRT7E8i4Uq4dA
Maple Tree Childminding,chilminder,07879 265501,"26 Ashley Park, Armagh BT60 1EU, UK","Belfast, Northern Ireland",5,3,https://www.facebook.com/share/17KsTn4x8P/?mibextid=wwXIfr,ChIJIXYxde6VYEgR-q-v90y-LC0
Ideal decorators,painter decorator,07706 917665,"312 Springfield Rd, Belfast BT12 7DS, UK","East Belfast, Northern Ireland",3.7,3,,ChIJy5gR_sMJYUgRFiO6ZdfesiI
The car cleaning centre,mobile car wash,07841 508348,"219A Moira Rd, Lisburn BT28 2ST, UK","Lisburn, Northern Ireland",3.7,3,,ChIJt8CMXsgDYUgRaDABIlAsFfE
RJH Painting & Decorating,painter decorator,07738 830315,"31 Lagmore Grove, Dunmurry, Belfast BT17 0TD, UK","Lisburn, Northern Ireland",5,3,,ChIJgbfVwPQHYUgRglupEyORL9w
CDG Oven Cleaning,cleaning service,07512 136803,"81 Mornington Ave, Lisburn BT28 2WP, UK","Lisburn, Northern Ireland",5,3,,ChIJbZCfBYYDYUgRVoMulWyLCfo
Bump to birth NI,babysitting service,07809 313559,"11 Ayrshire Park, Lisburn BT28 2LT, UK","Lisburn, Northern Ireland",5,3,,ChIJA4mRjz05HosR96VXmAfK7iQ
Paul Beattie Guitar Lessons Aghalee,music teacher,07962 056409,"28 Beechfield Lodge, Aghalee, Lisburn BT67 0GA, UK","Lisburn, Northern Ireland",5,3,https://www.facebook.com/pbeattieguitar,ChIJi4bR-jr8YEgRJGfrUoN0edY
Mossgarden,gardening service,07803 772763,"2 Pinehill Ave, Bangor BT19 6NY, UK","Bangor, Northern Ireland",5,3,,ChIJbbE9_TILb0IRAxZPkGul-YE
K Ashton Landscaping and Tree Services,landscaping,07917 850304,"101 Penrhyn Ave, Bangor LL57 1LT, UK","Bangor, Northern Ireland",5,3,https://www.facebook.com/KieranAshton93/,ChIJ23o6S_0HZUgRsTm9-SBveT0
Jaime Marshall Hair,mobile hairdresser,07933 114766,"Solo hair, 129 High St, Holywood BT18 9LG, UK","Holywood, Northern Ireland",5,3,https://www.facebook.com/Jaime-marshall-hair-720366171376657/,ChIJQbgAMHQKYUgRtcO_VuqNDb8
Hairy Pawters,dog groomer,07761 610017,"102 Ballyregan Rd, Dundonald, Northern Ireland BT18, UK","Holywood, Northern Ireland",5,3,,ChIJlfXDvfcKYUgRi1cHC6bRbLI
Whitehouse Decor,painter decorator,07903 197365,"19 Graymount Rd, Newtownabbey BT36 7DR, UK","Holywood, Northern Ireland",5,3,,ChIJQYQA93unYUgR8bfG6VyvZn4
Hillside Garden Services,gardening service,07359 790114,"Main Rd, Portavogie, Newtownards BT22 1EL, UK","Newtownards, Northern Ireland",5,3,,ChIJkyxUYkLC_0IRMzCYJxHwGgA
Peter Dempster Tiling Services,tiling contractor,07835 508444,"Longlands Dr, Comber, Newtownards BT23 5AL, UK","Newtownards, Northern Ireland",5,3,,ChIJz-uf0WANYUgRKFvTFJSANek
AC Cleaning Services,cleaning service,07790 443417,"8A Loughdoo Rd, Ardkeen, Newtownards BT22 1HJ, UK","Newtownards, Northern Ireland",4.7,3,,ChIJGQBx7wNvYUgR78W5zMxZ5mQ
Your Image Nail & Beauty,mobile beauty therapist,07849 454163,"36 Knockbreda Rd, Belfast BT6 0JB, UK","Belfast, Northern Ireland",5,2,,ChIJSe47ESEJYUgRzrkEQ6ae_SY
BB EasyWay Flat pack assembly removals hadyman,handyman,07816 585707,"15 Leggagh Ct, Belfast BT14 8AY, UK","Belfast, Northern Ireland",5,2,,ChIJlWnbgIMJYUgRcFw_mvcCXWs
Brush Strokes,painter decorator,07974 355675,"Apartment 5.2, 62 Donegall Quay, Holywood, Belfast BT1 3NG, UK","Belfast, Northern Ireland",5,2,,ChIJgQlnbqEJYUgRkoWk2wxdSIY
SHM Tiling Services,tiling contractor,07835 603346,"76 Glenview Park, Newtownabbey BT37 0TG, UK","Belfast, Northern Ireland",5,2,https://www.facebook.com/profile.php?id=100095281965483&sk=about,ChIJ1Tef18uGHkYRYiOz7u_eLtE
Auto Check,MOT testing,07522 264111,"35 Juniper Rise, Dunmurry, Belfast BT17 0BG, UK","Belfast, Northern Ireland",4,2,,ChIJo5i8AH4GYUgRsXfJqzkOk4g
Claire Wilson Childminding,chilminder,07538 786531,"Weavers Ln, Craigavon BT66 7UE, UK","Belfast, Northern Ireland",5,2,https://www.facebook.com/Claire-Wilson-Childminding-104458747763835/,ChIJFy_vnMjlYEgRusZsMk3S9_8
The Handyman Service,handyman,07935 410491,"42 Main St, Maghera BT46 5AE, UK","North Belfast, Northern Ireland",5,2,,ChIJS7-2zWVFYEgRsUNSAf6nyxk
Nw mobile mechanic,mobile mechanic,07365 353921,"72 Dunderg Rd, Coleraine BT51 4NE, UK","North Belfast, Northern Ireland",3,2,,ChIJj_7nio09YEgRSe6iLc42oHw
JB AUTOSHINE NI,mobile car wash,07504 661803,"Lisburn BT27 4PA, UK","Lisburn, Northern Ireland",4.5,2,,ChIJR3eIOMQFYUgROG2RajbSCfQ
DM Painting & Decorating,painter decorator,07803 824328,"14 Castlevue Gardens, Moira, Craigavon BT67 0DU, UK","Lisburn, Northern Ireland",5,2,https://www.facebook.com/DM-Painting-Decorating-100996435274482,ChIJLXciis39YEgRsG2_0hIbvdY
Pawsome Grooms,dog groomer,07902 048933,"69 High Bangor Rd, Donaghadee BT21 0PW, UK","Bangor, Northern Ireland",5,2,,ChIJDZyT8GB3YUgRWKRmClcoI_g
The Pet Nannies,pet sitting,07880 678850,"Bangor BT20 4NW, UK","Bangor, Northern Ireland",5,2,,ChIJrSXO1QaeYUgRJZBEWc2mDBs
ScallyWaggs Dog Walking & Pet Sitting,pet sitting,07515 653226,"9 Quarry Ct, Helen's Bay, Bangor BT19 1TY, UK","Bangor, Northern Ireland",5,2,,ChIJgUKjSpWfYUgROJXRXiBDy5g
Walk 'N' Wagz North Down,pet sitting,07516 453441,"Co.down, 11 Sunningdale Park, Bangor BT20 4UU, UK","Bangor, Northern Ireland",5,2,https://www.facebook.com/profile.php?id=61556797540885,ChIJ5Semefh1YUgR2W1zYi-T4rM
County Down Small Pet Holiday Boarding,pet sitting,07895 044835,"Meadowvale Park, Newcastle BT33 0TH, UK","Bangor, Northern Ireland",5,2,,ChIJvQZ78T0jYUgRA99n5CGb2MI
Ards Painting & Decorating,painter decorator,07746 171543,"22 Ardmillan Cres, Newtownards BT23 4PW, UK","Bangor, Northern Ireland",5,2,,ChIJHb143ex0YUgRv0TVECL_jr8
Contract Autos,mobile mechanic,07929 279357,"73a Green Rd, Bangor BT19 7QA, UK","Bangor, Northern Ireland",5,2,,ChIJaUqavT11YUgRshfXM-SU5Xk
Beatbox Music Studio,music teacher,07927 236316,"42, Dunlop Industrial Units, 8 Balloo Dr, Bangor BT19 7QY, UK","Bangor, Northern Ireland",5,2,http://www.facebook.com/beatboxbangor,ChIJjwYTV_51YUgRCdD-AwSoqbs
Scott Fulton Driving Instruction,driving instructor,07740 933403,"42 Ardvanagh Dr, Bangor, Newtownards BT23 7XQ, UK","Bangor, Northern Ireland",4,2,,ChIJBbB5spV1YUgR8RDHVSuML08
Hair by Gillian,mobile hairdresser,07743 524794,"39 Brownlow St, Comber, Newtownards BT23 5EP, UK","Newtownards, Northern Ireland",5,2,,ChIJ7QLUpqQMYUgRxhic3_h76js
Hairy Styles,dog groomer,07845 467861,"B7, Park, Strangford House, Jubilee Rd, Newtownards BT23 4YH, UK","Newtownards, Northern Ireland",5,2,,ChIJn_2s3rd1YUgRjU3c-D_eWhM
Meraki in Focus,event photographer,07738 493613,"10 Cambourne Mews, Newtownards BT23 4WB, UK","Newtownards, Northern Ireland",5,2,,ChIJ8QIYDlZ1YUgRqeGtk5tdTD0
Photo Restoration ER,freelance photographer,07500 787972,"48 Beverley Walk, Newtownards BT23 7UQ, UK","Newtownards, Northern Ireland",5,2,,ChIJUUUbBtV1YUgR8sRRJrmiRtI
RB Gardening Services,gardening service,07761 468659,"5 Tower Park, Conlig, Newtownards BT23 7PL, UK","Newtownards, Northern Ireland",5,2,,ChIJ90DEsvp1YUgRfo1SI39v5dU
WrightsCuts,landscaping,07710 444594,"Dermott Ave, Comber, Newtownards BT23 5JF, UK","Newtownards, Northern Ireland",5,2,,ChIJl_1XAgQNYUgRIAWE3xDatoY
Dani's Home Hair,mobile hairdresser,07740 046652,"4 Garranard Park, Belfast BT4 2GL, UK","Belfast, Northern Ireland",5,1,https://www.facebook.com/DanisHomeHair,ChIJRXEippYLYUgRsWK7hh28_lg
Dapper Dogs Mobile Grooming,mobile dog grooming,07368 243039,"Prehen Park, Derry BT47 2NY, UK","Belfast, Northern Ireland",5,1,https://www.facebook.com/share/7EEw52GaybQdHqHK/?mibextid=LQQJ4d,ChIJjew6TazhX0gRoBPB_VCmX2s
Handyman NI,handyman,07842 723238,"33 Ainsworth Dr, Belfast BT13 3EJ, UK","Belfast, Northern Ireland",5,1,,ChIJa6hfBEh0YUgRJtlI6SYatJw
Handyman Services Ni,handyman,07817 608122,"13 Chichester Rd, Belfast BT15 5EJ, UK","Belfast, Northern Ireland",5,1,,ChIJBQEzHR4JYUgRJpLYrq9EGZ0
ID Painting & Decorating,painter decorator,07857 974046,"51 Mountcollyer Ave, Belfast BT15 3DR, UK","Belfast, Northern Ireland",5,1,,ChIJ1SLiBuYJYUgR3J-2MSPIj80
Bowen Tile,tiling contractor,07519 512730,"15 Rochester Dr, Castlereagh, Belfast BT6 9JX, UK","Belfast, Northern Ireland",5,1,,ChIJVaQXHu8JYUgRhbL_n03-Qvs
Jasmine's Kitchen,mobile catering,07402 975851,"23 Castlereagh Pl, Belfast BT5 4NN, UK","Belfast, Northern Ireland",5,1,,ChIJh49S8-gJYUgRYHmbMkYbG-k
Happy Home Child Care,chilminder,07872 121565,"19 Hightown Dr, Newtownabbey BT36 7TG, UK","Belfast, Northern Ireland",5,1,https://www.facebook.com/HappyHomeChildCare,ChIJU0os87inYUgRY2-Y4WncGKE
HAPPY TAILZ BED & BISCUITS,pet sitting,07775 786417,"64 Mullaghsandall Road, Larne BT40 2LY, UK","East Belfast, Northern Ireland",5,1,https://www.facebook.com/HappyTailzBelfast?ref=hl,ChIJp_lPaBoIYUgR1U6AgxLMGcY
Painter and Decorator Belfast,painter decorator,07418 342355,"2/321 Albertbridge Rd, Belfast BT5 4PY, UK","East Belfast, Northern Ireland",1,1,,ChIJgTzu1B4JYUgRc3YrAqwJfow
Xtreme Cleaning Services ni,cleaning service,07517 003144,"Creggan St, Londonderry BT48 0EU, UK","East Belfast, Northern Ireland",5,1,,ChIJcVNAEwPhX0gRPA3XhEYGulw
The Nurtured Baby Hub,babysitting service,07732 894168,"The Mount, Belfast BT5 4NA, UK","East Belfast, Northern Ireland",5,1,,ChIJf09BAG4JYUgRXjNc9F6sbao
Josie’s Bed & Biscuit,pet sitting,07787 087618,"Gortnessy Meadows, Lettershendony, Londonderry BT47 3FW, UK","West Belfast, Northern Ireland",5,1,https://www.instagram.com/josiesbedandbiscuit?igsh=NG52c3Q5MXZ1aXpv&utm_source=qr,ChIJO2KISNieoCQReW9wwxiwDLY
Accent Music Belfast,music teacher,07841 163179,"34 Woodview Dr, Belfast BT5 7PY, UK","West Belfast, Northern Ireland",5,1,,ChIJGclrdt4LYUgRuUB4ADBvaf8
D&P Autos mobile mechanic,mobile mechanic,07367 695903,"Donemana, Stoneybrook BT82 0FE, UK","South Belfast, Northern Ireland",5,1,,ChIJ9WYc647fX0gRDVWQv_MrQfU
The Barking Lounge,dog groomer,07546 317598,"Woodbrook Ave, Lisburn BT28 2ZG, UK","Lisburn, Northern Ireland",5,1,,ChIJU3uDcnMDYUgR_uc6hm0ekr8
Belsize Landscapes,landscaping,07753 357172,"55 Belsize Rd, Lisburn BT27 4BS, UK","Lisburn, Northern Ireland",5,1,,ChIJxXzhckcEYUgR9puBYu-J9sQ
DC TREE CARE SPECIALIST,tree surgeon,07490 674603,"Lusk Transport Ltd, 48 Knockany Rd, Lisburn BT27 6YB, UK","Lisburn, Northern Ireland",5,1,,ChIJ6XkK1nUPYUgR4wHn61v_orw
RB Tiling Services,tiling contractor,07840 155680,"25 Coronation Gardens, County, Antrim, Lisburn BT27 5RG, UK","Lisburn, Northern Ireland",5,1,,ChIJN-d3HHIDYUgRuszmaANxmDI
Ducklings Daycare,babysitting service,07795 600860,"19 Mount Eagles Ave, Belfast, Dunmurry, Lisburn BT17 0GT, UK","Lisburn, Northern Ireland",5,1,,ChIJAbieQlQHYUgR7jErWfu3EB8
Rock Solid Guitar Studio,music teacher,07533 551741,"26 Llewellyn Ave, Lisburn BT27 4AG, UK","Lisburn, Northern Ireland",3,1,https://www.facebook.com/RockSolidGuitar,ChIJp-z-ZFgFYUgRFMt0cBUPdCs
Ross's Pet Collective,pet sitting,07864 861761,"11 Oakwood Park, Bangor BT20 3TR, UK","Bangor, Northern Ireland",5,1,https://www.facebook.com/rosspetcollective,ChIJA-aewzGfYUgR7dpt75QaB9Y
3F Personal Training,personal trainer,07711 249346,"24 Fifth Ave, Baylands Ct, Bangor BT20 5JP, UK","Bangor, Northern Ireland",5,1,http://www.facebook.com/3FPTraining,ChIJcbGfgwWeYUgRLgLWcMc-k80
L.E valets,mobile car wash,07596 108664,"20 Perry Dr, Bangor, BT196UD BT19 6UD, UK","Bangor, Northern Ireland",5,1,,ChIJE0udNa53YUgRUxPkzWgwXmY
ClearCut Details & Valeting,mobile car wash,07714 214328,"The Pitstop 39 Balloo Road Bangor County Down, Bangor BT19 7PG, UK","Bangor, Northern Ireland",5,1,,ChIJ-dO02A11YUgRYiIECjv5_Wo
Ld detailing,car detailing,07805 737610,"7 Dixon Rd, Bangor BT19 6AU, UK","Bangor, Northern Ireland",5,1,,ChIJhW-LFHKdYUgRcGdzVVU73BU
Brush Strokes Painting and Decorating,painter decorator,07436 266515,"12 Mason St, Bangor LL57 1DE, UK","Bangor, Northern Ireland",5,1,,ChIJ8_fnB79cVoQRfaefTo9QpuY
Bridget Benson L.T.C.L . Flute Teacher,music teacher,07712 627888,"22 Bellevue, Bangor BT20 5QW, UK","Bangor, Northern Ireland",5,1,,ChIJz0hZfAeeYUgR1TlmU4jONo0
StarskyNClutch,driving instructor,07494 282256,"Ballyholme Rd, Bangor BT20, UK","Bangor, Northern Ireland",5,1,,ChIJYxTADPOfYUgRPYownK6tGGA
Icing on the Cake,wedding cake maker,07725 516112,"79 Groomsport Rd, Bangor BT20 5ND, UK","Bangor, Northern Ireland",5,1,,ChIJf6HkvgeeYUgRwpleJI0VeRY
THE LASH STUDIO,mobile beauty therapist,07934 994453,"Unit 3, 114 High St, Holywood BT18 9HW, UK","Holywood, Northern Ireland",5,1,,ChIJmaq-FuwIYUgRFwEqI0A-meo
Holywoof Grooming,dog groomer,07712 580853,"23 Firmount Cres, Holywood BT18 9QN, UK","Holywood, Northern Ireland",5,1,,ChIJ_XfoSjYLYUgRBlKPuaW7BWw
Eclipse,event photographer,07850 045995,"28 Croft Rd, Holywood BT18 0PB, UK","Holywood, Northern Ireland",5,1,,ChIJ0cJI4HgKYUgR8J9hzjwUjck
Craigavad Garden Services,gardening service,07719 553750,"72a Ballymoney Rd, Holywood BT18 0JJ, UK","Holywood, Northern Ireland",5,1,,ChIJRXy2oQagYUgR2TZ7pnFha-8
Jl Gardening Services,gardening service,07872 390975,"83 Abbey Ring, Holywood BT18 9NU, UK","Holywood, Northern Ireland",1,1,,ChIJ3wxchBIKYUgRjndjS-2wKSs
Mark Morrison Tiling,tiling contractor,07803 897789,"2 Whiteways, Mountain Rd, Newtownards BT23 4UW, UK","Holywood, Northern Ireland",5,1,,ChIJl2mJxAJ1YUgRwJN-0hr7mps
Shane Hamill Piano,music teacher,07476 970196,"26 Bangor Rd, Holywood BT18 0LQ, UK","Holywood, Northern Ireland",5,1,,ChIJD21zuyILYUgR_AYf97esirw
Paws Woofs Hoofs,pet sitting,07840 829897,"5 Fir Dr, Newtownards BT23 4HH, UK","Newtownards, Northern Ireland",5,1,,ChIJZSngnPx0YUgRNuZI592F1TI
SP Gardening and landscaping Services -Newtownards/Bangor/North Down / Belfast,gardening service,07739 897991,"171 Scrabo Rd, Newtownards BT23 4SJ, UK","Newtownards, Northern Ireland",5,1,,ChIJfYUVEJZ0YUgRAupCbOJYyoU
McGrogan Tiler,tiling contractor,07815 061771,"26 Cornmill Avenue, Millisle, Newtownards BT22 2GN, UK","Newtownards, Northern Ireland",5,1,,ChIJP-KKhGZ3YUgRXjDecEKEf1U
Tullycross Tiling,tiling contractor,07719 939164,"3 Tullycross Rd, Ardkeen, Newtownards BT22 1JJ, UK","Newtownards, Northern Ireland",5,1,,ChIJVaOh1gxvYUgRqNs1Q6bbjDM
Dream Clean NI,cleaning service,07518 524250,"32 Mill St Ct, Newtownards BT23 4JE, UK","Newtownards, Northern Ireland",5,1,https://www.facebook.com/dreamcleanni/,ChIJrSsnLO50YUgR0JQ3slm_ql8
Little Rainbows Playgroup,babysitting service,07854 268145,"87 Movilla Rd, Newtownards BT23 8RQ, UK","Newtownards, Northern Ireland",5,1,,ChIJ_TUsp351YUgRwgmcB4FY0wI
Esther Moore Piano Lessons,music teacher,07724 033859,"25 Lisbarnet Rd, Lisbane, Comber, Newtownards BT23 6AW, UK","Newtownards, Northern Ireland",5,1,,ChIJPXK77NRzYUgRty2r_kUNwHE
C L F School of Motoring,driving instructor,07912 363581,"15 Tara Cres, Newtownards BT23 7DF, UK","Newtownards, Northern Ireland",5,1,,ChIJs-grvFN0YUgRs-XSiCYdrdc
Chris The Barber,mobile barber,07517 320068,"29 Kilmore Cl, Belfast BT13 2TE, UK","Belfast, Northern Ireland",0,0,,ChIJa1Tq7LcJYUgRqLgCUuP-n4I
CAR WASH (Mobile),mobile car wash,07708 580460,"36 Killynure Grn, Carryduff, Belfast BT8 8FA, UK","Belfast, Northern Ireland",0,0,,ChIJp0cgNI0PYUgRIeSRAcGan6Y
PM Tiling,tiling contractor,07985 108484,"83 Bracken Prk, Londonderry BT48 8AZ, UK","Belfast, Northern Ireland",0,0,,ChIJW_OmSxnjX0gRU7IcEj4Osz8
Registered childminder,chilminder,07518 366095,"58 Severn St, Belfast BT4 1FB, UK","Belfast, Northern Ireland",0,0,,ChIJXUcgup8JYUgRhSIz9G4wsk8
Angela’s Angels,chilminder,07592 199887,"9 Greenane Cres, Belfast BT10 0NY, UK","Belfast, Northern Ireland",0,0,https://m.facebook.com/Angelas-Angels-2118330914911866/,ChIJX7qiRnsHYUgRh0-FxO4GW1I
twinkle star daycare,chilminder,07710 258861,"Mayfield Square, Belfast BT10 0QR, UK","Belfast, Northern Ireland",0,0,,ChIJReZKFCsHYUgRWuMZLBgDMQ8
Newborn Night Nanny,babysitting service,07769 584897,"176 Ballyclare Rd, County, Glengormley, Antrim BT36 5JR, UK","Belfast, Northern Ireland",0,0,https://www.facebook.com/p/Newborn-Night-Nanny-61557804815570/,ChIJp3h0gSmnYUgRS8KllMXxD_Q
Mobile Man Cuts,mobile barber,07514 729887,"11 Beaufort Dr, Londonderry BT47 6FG, UK","East Belfast, Northern Ireland",0,0,https://www.facebook.com/mobilemancuts,ChIJeRdMAyvhX0gRTT8SaHYCVNs
Relax & Recharge Holistic Massage Therapy Belfast,mobile massage therapist,07743 304158,"330 Beersbridge Rd, Belfast BT5 5DY, UK","East Belfast, Northern Ireland",0,0,,ChIJRWkI2-4JYUgREck3HdQZLhs
Derry Garden Services,gardening service,07523 612005,"Londonderry BT47 6BB, UK","West Belfast, Northern Ireland",0,0,,ChIJZZXcSSrhX0gRP1KC-aQpnfI
Total Floor Care NI - Tile & Grout Cleaning Belfast,tiling contractor,07933 650590,"39 Lansdowne Rd, Belfast BT15 4AA, UK","West Belfast, Northern Ireland",0,0,,ChIJ8V_7BgAJYUgRE9a_iwul7J8
SS Tiling,tiling contractor,07513 828485,"36 Crimea St, Belfast BT13 1LT, UK","West Belfast, Northern Ireland",0,0,,ChIJsTi_Ol0IYUgR4UUNQNZkMw4
Emma’s Childminding,chilminder,07510 074323,"44 Church Rd, Rasharkin, Ballymena BT44 8QY, UK","West Belfast, Northern Ireland",0,0,,ChIJzaIRGYBJYEgRx65FagFxKyg
Wild Ones Childminding- Castlecaulfield,chilminder,07415 370627,"49 Foygh Rd, Dungannon BT70 3DH, UK","West Belfast, Northern Ireland",0,0,,ChIJHRg1lLGJYEgRR4jXNCzHvOg
JD Garden Services NI,gardening service,07591 124249,"33 Dhu Varren Parade, Belfast BT13 3FJ, UK","South Belfast, Northern Ireland",0,0,,ChIJqVftb6IJYUgRHrmfzngK6VI
Best Paws Forward,pet sitting,07511 472720,"Avonmore Park, Lisburn BT28 1NE, UK","Lisburn, Northern Ireland",0,0,,ChIJKc5WlIcEYUgRLMrK2p3nZ1U
Ryan Quinn Fitness,personal trainer,07956 871482,"17 Altona Rd, Lisburn BT27 5QB, UK","Lisburn, Northern Ireland",0,0,https://www.instagram.com/ryanquinnfitness/?hl=en,ChIJw431mPQFYUgRiEwYCNggoPQ
PMG detailing,car detailing,07724 277676,"10 Barbour Ct, Lisburn BT27 5DR, UK","Lisburn, Northern Ireland",0,0,,ChIJZzfY7sIFYUgRgv5R08uLvcU
Cedarwood Garden Services,gardening service,07801 990865,"29a Pond Park Rd, Lisburn BT28 3LA, UK","Lisburn, Northern Ireland",0,0,,ChIJAWtGtxIEYUgRrO1AuVNbCsw
Hilden Lawn & Garden,gardening service,07518 464061,"58 Delacherois Ave, Lisburn BT27 4UA, UK","Lisburn, Northern Ireland",0,0,https://www.facebook.com/profile.php?id=61587216005371&locale=en_GB,ChIJVV8_0rxaxqkRuJ6PtxshqMc
CJS CLEANING SERVICE LTD,cleaning service,07934 710119,"21 Molyneaux Dr, Lisburn BT28 2LY, UK","Lisburn, Northern Ireland",0,0,,ChIJs9R913sFYUgRKbWmUdkFFYE
SINGING LESSONS with Pauline Carville,music teacher,07881 803662,"28 Lisburn Square, Lisburn BT28 1TS, UK","Lisburn, Northern Ireland",0,0,,ChIJIcppZWcEYUgR6h8gbS6rtvk
GrooveWorks Drum School,music teacher,07515 469273,"Enterprise Cres, Lisburn BT28 2BP, UK","Lisburn, Northern Ireland",0,0,,ChIJ9TDtAgoDYUgRlZPkdDHv4Ec
Ali's mobile Hairdressing,mobile hairdresser,07894 252716,"4 Main Street, Desertmartin, Magherafelt BT45 5LN, UK","Bangor, Northern Ireland",0,0,,ChIJqatjI9tdYEgRY2bXdfMUdLY
Milesian Fat Loss Coaching,personal trainer,07799 287951,"Pure Gym, Toscana Retail Park, Bangor BT19 1FH, UK","Bangor, Northern Ireland",0,0,,ChIJ3XArLaIJYUgRE26NHZtdrvI
C.M valenting & Detailing,mobile valeting,07716 909169,"19 Killaire Wood Ln, Bangor BT19 1ZY, UK","Bangor, Northern Ireland",0,0,,ChIJ3_Mc3M51YUgRpWKIR-jipmw
Stephen Reid Quality Painting & Decorating,painter decorator,07790 993773,"14 Lord Warden's Hollow, Bangor BT19 1GP, UK","Bangor, Northern Ireland",0,0,,ChIJ4XIyLZ11YUgRmB9bYuXrezA
Dynamic Decorators NI,painter decorator,07706 719164,"8 Ambleside Rd, Bangor BT20 4QA, UK","Bangor, Northern Ireland",0,0,,ChIJP_zP_F6fYUgRzG6Knyu_unM
Sparkle cleaning services,domestic cleaning,07580 638705,"8 Fern Grove, Rathgael Rd, Bangor BT19 1FG, UK","Bangor, Northern Ireland",0,0,,ChIJgdQ1OyB1YUgRTbJ3QtsiWPE
grooms by meg,dog groomer,07940 067661,"102 Ballyregan Rd, Holywood BT18 9RP, UK","Holywood, Northern Ireland",0,0,https://www.facebook.com/share/1QSs25tAvP/?mibextid=wwXIfr,ChIJERcChhQLYUgRargc0Yuoh3Q
Dog Walking & Pet Sitting Holywood,pet sitting,07456 312375,"18 Wood End, Holywood BT18 9PN, UK","Holywood, Northern Ireland",0,0,,ChIJM6REkW0KYUgR__2wsCUY-WI
Bayburn Fitness,personal trainer,07793 470324,"114 High St, Holywood BT18 9HW, UK","Holywood, Northern Ireland",0,0,,ChIJNXAJoi8LYUgRI-FFB9WSSwQ
APEX MOBILE VALETS,mobile car wash,07799 022957,"Ferndale Rd, Glengormley, Newtownabbey BT36 5AD, UK","Holywood, Northern Ireland",0,0,,ChIJjxcHNcqnYUgRiJdVghh6KBI
Rice autos,mobile mechanic,07860 643974,"13 Cooke St, Belfast BT7 2EP, UK","Holywood, Northern Ireland",0,0,,ChIJuQzAFUUJYUgREgajqKi6TSM
kelly's Kidz,chilminder,07703 624879,"61 Cronstown Cottage Park, Newtownards BT23 8QP, UK","Holywood, Northern Ireland",0,0,,ChIJCUEH29h1YUgRO082m4db1yE
Holywood Play Company,babysitting service,07837 598691,"22-30 Ean Hill, Holywood BT18 9LQ, UK","Holywood, Northern Ireland",0,0,,ChIJ2WjymnMKYUgRvneF3QgldbU
Mad Pups Dog Grooming,dog groomer,07365 658385,"Glenford Rd, Newtownards BT23 4AX, UK","Newtownards, Northern Ireland",0,0,https://www.facebook.com/profile.php?id=61580279942716,ChIJ1zRndNx1YUgRSQUi_10S9Vw
Tracey Ayre Dog Grooming,dog groomer,07874 012515,"Tern Park, Newtownards BT23 8FP, UK","Newtownards, Northern Ireland",0,0,,ChIJe81JpmN1YUgRlw7dDO6XWXo
Fluffology Dog Grooming,dog groomer,07872 328501,"3 Jubilee Rd, Newtownards BT23 4YH, UK","Newtownards, Northern Ireland",0,0,https://www.facebook.com/FluffologyDogGroomingNI,ChIJNRWDj8h1YUgRCkooZ0D_CBM
Paws...To Go...,pet sitting,07713 804136,"Old Shore Rd, Newtownards BT23 8NE, UK","Newtownards, Northern Ireland",0,0,,ChIJ1TrvRP51YUgROMEhxu_M3YY
Limitless fitness ni,personal trainer,07494 862439,"Benford Dr, Newtownards BT23 8TH, UK","Newtownards, Northern Ireland",0,0,,ChIJCemhWU90YUgRfy7-Sq2BHGU
Peak Detailing,car detailing,07515 967375,"76, Newtownards BT23 4UL, UK","Newtownards, Northern Ireland",0,0,https://www.facebook.com/PeakDetailing,ChIJjas7ti1t5AgR8CYVsQjNhZI
Refleq Detailing,car detailing,07401 999757,"43 Bridgelea Ave, Bangor, Newtownards BT23 7HX, UK","Newtownards, Northern Ireland",0,0,,ChIJZ9RtYlh1YUgRbJ3NaMsISRY
A1 Elite Mobile Detailing,mobile valeting,07519 777499,"Bridgelea Ct, Bangor, Newtownards BT22 7HW, UK","Newtownards, Northern Ireland",0,0,,ChIJb03OWvIPbIcRwk99ihL_s_0
Stephen McBurney Painting and Decorating,painter decorator,07545 349490,"3 Dermott Rd, Comber, Newtownards BT23 5LG, UK","Newtownards, Northern Ireland",0,0,https://www.facebook.com/share/17j2oBLiS3/,ChIJwRclJP5zYUgR-nkMcTGvKJM
NG Shaw Paint Spraying Services,painter decorator,07789 755888,"19 Court St, Newtownards BT23 7NX, UK","Newtownards, Northern Ireland",0,0,,ChIJ1QCMnZB1YUgRwAxAHzI7a7Y
Newtownards & Bangor Child Contact Centres,babysitting service,07540 143700,"Strean Presbyterian Church, Newtownards BT23 4EN, UK","Newtownards, Northern Ireland",0,0,,ChIJxwpmle90YUgRkY1ZzgD8E5U
