name,category,phone,address,rating,reviews,website,score
P lynch Plumbing & heating,plumber,07790 864092,"193 Hatmore Park, Londonderry BT48 0AF, UK",4.7,15,NONE,10
DM Gas - plumbing - heating,plumber,07514 734229,"367 Carnhill, Londonderry BT48 8BS, UK",5,4,NONE,10
The Shower Doctor,plumber,07845 587908,"21 Ardlough Rd, Londonderry BT47 5SW, UK",5,8,NONE,10
GMC plumbing and heating ltd,plumber,07989 350136,"8 Lyndhurst Rd, Londonderry BT47 5HS, UK",3.7,9,NONE,10
all emergency plumbing,plumber,07955 050100,"28 Prehen Park, Londonderry BT47 2NY, UK",2.8,4,NONE,10
P T S Plumbing Trade Supplies,plumber,028 7130 6000,"40 Springtown Rd, Londonderry BT48 0LY, UK",3.4,9,NONE,10
Clearflow,plumber,07845 877493,"80 Strabane Old Rd, Londonderry BT47 2EG, UK",4.3,11,https://m.facebook.com/drainsderry/,8
TJ McConnell and Sons,plumber,028 7136 3539,"32 Balliniska Rd, Londonderry BT48 0NA, UK",,0,NONE,10
Mcquaid Electrical,electrician,07388 877368,"269 Carnhill, Londonderry BT48 8BL, UK",5,2,NONE,10
Derry Auto Electrics,electrician,028 7126 1100,"102 Duncreggan Rd, Londonderry BT48 0AA, UK",4.7,98,NONE,10
Horton Electrical Services Ltd,electrician,028 7130 8858,"1 Bay Road Business Park, Londonderry BT48 7SH, UK",5,5,NONE,10
Curran & Hepburn,electrician,07712 110048,"87 Spencer Rd, Londonderry BT47 6AE, UK",5,3,NONE,10
KS Electrical Services Ltd,electrician,028 7128 6777,"Business Park, Unit 7 Bay Rd, Londonderry BT48 7SE, UK",5,3,NONE,10
Harrison Electrical,electrician,028 7134 2539,"78 Duke St, Londonderry BT47 6DQ, UK",5,4,NONE,10
Nor-Den Electrical,electrician,028 7137 7210,"3 Springtown Rd, Londonderry BT48 0LY, UK",3,4,NONE,10
Brett Electrical,electrician,07706 820839,"65 Ivy Mead, Altnagelvin, Londonderry BT47 3WW, UK",5,3,NONE,10
Derry Electrics,electrician,07923 806636,"50 Elaghmore Prk, Londonderry BT48 8DX, UK",1,1,NONE,10
DL Electrical Services,electrician,07368 409085,"Beechwood Ave, Londonderry BT48 9LR, UK",,0,https://www.facebook.com/share/19oSDoqxVq/?mibextid=wwXIfr,8
Crumley Patrick,electrician,028 7131 2939,"18b Riverview Terrace, Londonderry BT47 2BL, UK",5,5,NONE,10
Strand Electrics,electrician,028 7126 5012,"Unit 19F Pennyburn Industrial Estate, Londonderry BT48 0LU, UK",4.9,57,NONE,10
PJM Power Electrical Contractor,electrician,07521 052569,"Ard Grange, Londonderry BT48 0SF, UK",,0,NONE,10
McCauley Auto Electrics,electrician,028 7135 1972,"64 Coney Rd, Londonderry BT48 8JP, UK",4.1,17,NONE,10
City Electrics Ireland Ltd,electrician,028 7135 3147,"19 Sandbank Cottages, Londonderry BT48 8LL, UK",,0,NONE,10
City Roofing Ltd,roofer,028 7126 9648,"3 Pennyburn Industrial Estate, Londonderry BT48 0LU, UK",5,3,NONE,10
Dgs roofing services,roofer,07928 033186,"67 Coney Rd, Londonderry BT48 8JN, UK",5,3,NONE,10
H Carlin Decorators,painter,028 7135 4489,"1 Griffith Park, Londonderry BT48 8PE, UK",4.8,4,NONE,10
Prime Decor,painter,,"7 Abbots Walk, Londonderry BT48 9HA, UK",5,1,NONE,10
Seamusmcclafferty,painter,07706 033987,"7 Ballymore Park, Londonderry BT48 9BP, UK",5,1,NONE,10
City Paints & Wallpapers,painter,028 7128 0088,"5/6 Springtown Business Park, Londonderry BT48 0GY, UK",4.7,217,NONE,10
Bell P J,painter,028 7135 1639,"2 Clonliffe Park, Londonderry BT48 8NT, UK",5,1,NONE,10
McCann Decor Ltd,painter,028 7135 2243,"59 Templeard, Ballynagard, Londonderry BT48 8FE, UK",5,1,NONE,10
Ruairi O'Hara Painting & Decorating,painter,07821 770842,"30 Columbia Park, Londonderry BT47 4PD, UK",5,1,NONE,10
Ray Mallett Painting & Decorating,painter,07925 771154,"437 Carnhill, Londonderry BT48 8BT, UK",,0,NONE,10
BMR DECORATORS,painter,07873 445963,"157 Gortin Manor, Newbuildings, Londonderry BT47 2TT, UK",4.5,2,NONE,10
Ec painters & decorators,painter,07873 673801,"30E McLean Rd, Campsie, Londonderry BT47 3XX, UK",,0,NONE,10
Derry Tiler,tiler,028 7137 3386,"24 Four Seasons, Foyle Road, Londonderry, Derry BT48 6AX, UK",,0,NONE,10
DMC Premier Tiling,tiler,07738 003899,"55 Lincoln Ct, Waterside, Londonderry BT47 5NT, UK",,0,NONE,10
RJB JOINERY,joiner,07591 887868,"Unit A1, Ballinska Business Park, Springtown Industrial Estate, Londonderry BT48 0LY, UK",5,1,NONE,10
Concept Carpentry &Joinery,joiner,07903 152202,"563 Carnhill, Londonderry BT48 8BZ, UK",5,4,NONE,10
AOK Joinery,joiner,07825 517616,"51 Foxhill, The Bolies, Londonderry BT47 2TN, UK",5,9,NONE,10
Aj joinery,joiner,,"82 Duncreggan Rd, Londonderry BT48 0AA, UK",,0,NONE,10
Ad Joinery,joiner,,"14 Ardanlee, Ballynagard, Londonderry BT48 8RR, UK",5,1,NONE,10
Joinery Workshop Services Ltd,joiner,07951 068053,"Site 30, Springtown Industrial Estate, Unit F Springrowth Rd, Londonderry BT48 0LY, UK",4,1,NONE,10
Darek furniture,joiner,07873 529748,"34 Ervey Ct, Londonderry BT47 3WN, UK",5,3,NONE,10
A L C Joinery,joiner,028 7134 1386,"59 Sevenoaks, Londonderry BT47 6BD, UK",,0,NONE,10
maybrooke renovations and extensions,joiner,07387 882775,"28 Petrie Way, Londonderry BT47 3XX, UK",5,3,NONE,10
Pavier Joinery,joiner,07818 866690,"Belvoir Park, Londonderry BT48 8PQ, UK",,0,NONE,10
KARA CONSTRUCTION,joiner,07597 752723,"85 Monnaboy Rd, Londonderry BT47 3HP, UK",5,2,NONE,10
North West Joinery Ltd,joiner,028 7135 5555,"5 Steelstown Rd, Londonderry BT48 8EU, UK",,0,NONE,10
Derry Garden Services,landscaper,07523 612005,"Londonderry BT47 6BB, UK",,0,NONE,10
Plant A Seed Landscapes,landscaper,07746 229281,"51a Cromore Gardens, Londonderry BT48 9TG, UK",,0,NONE,10
Falcon landscape building services,landscaper,,"Castle View Park, Londonderry BT48 8DL, UK",3.7,6,NONE,10
North Wesrt Garden Experts,landscaper,028 7135 8828,"47 Papworth Ave, Londonderry BT48 8PT, UK",2,4,NONE,10
Donohoe T,builder,028 7126 7244,"19-21 Chamberlain St, Londonderry BT48 6LR, UK",5,1,NONE,10
Doherty E & Sons,builder,028 7135 1655,"6 Fir Rd, Londonderry BT48 8NB, UK",5,2,NONE,10
Nicor Construction,builder,028 7188 0888,"Unit 11, Bay Road Industrial Park, Bay Rd, Londonderry BT48 7SE, UK",3.9,9,NONE,10
Lynch Builders,builder,028 7181 1385,"38 Coolagh Rd, Londonderry BT47 3EQ, UK",5,1,NONE,10
JFC Construction Ltd,builder,028 7181 1477,"8e Courtauld Way, Campsie, Londonderry BT47 3XX, UK",5,2,NONE,10
Meraki Hairdressing,hairdresser,028 7128 2386,"28 Carlisle Rd, Londonderry BT48 6JW, UK",5,26,NONE,10
Marie Gillespie Hair & Beauty Studio,hairdresser,028 7134 4284,"Unit 1 Woodburn Shopping Centre, 1, Waterside, Londonderry BT47 5PS, UK",4.7,43,NONE,10
Salon Sixteen,hairdresser,028 7131 2504,"16 Clooney Terrace, Londonderry BT47 6AR, UK",5,21,NONE,10
Salon One hairdressing,hairdresser,028 7126 2781,"17 The, Craft Village, Shipquay St, Londonderry BT48 6AR, UK",4.7,19,NONE,10
Whispers Hairdressing Salon,hairdresser,028 7126 0595,"16 The Diamond, Londonderry BT48 6HW, UK",4.7,11,NONE,10
Streaks Ahead,hairdresser,028 7128 8222,"21 William St, Londonderry BT48 6EP, UK",4.3,43,NONE,10
Sage Hair & Beauty,hairdresser,07596 590617,"98 Spencer Rd, Londonderry BT47 6AG, UK",4.7,14,NONE,10
Headz & Co,hairdresser,028 7134 8665,"15 Glendermott Rd, Londonderry BT47 6BB, UK",4.6,27,NONE,10
Michael Deery Hair,hairdresser,07498 688989,"6 Castle St, Londonderry BT48 6HQ, UK",4.7,12,NONE,10
Mavericks Hair Extensions & Beauty,hairdresser,028 7116 3266,"Room 1, Unit 18, Northside Village Centre, Glengalliagh Rd, Londonderry BT48 8NN, UK",5,100,NONE,10
Essential Hair Company,hairdresser,028 7126 2427,"8-10 Great James St, Londonderry BT48 7DB, UK",4.9,18,NONE,10
Brooke Hairdressing,hairdresser,028 7126 0003,"8 Castle St, Londonderry BT48 6HQ, UK",4.8,12,NONE,10
Gemini Hair Studio,hairdresser,028 7127 1122,"53 Carlisle Rd, Londonderry BT48 6JL, UK",5,3,NONE,10
Michael Tomasz Hairdressing,hairdresser,028 7126 8172,"Unit 3, Rock Mills, 126 Strand Rd, Londonderry BT48 7AD, UK",4.8,24,NONE,10
LUX Hair & Beauty Studio,hairdresser,07710 797261,"143 Bishop St, Londonderry BT48 6UJ, UK",4.8,22,NONE,10
Crumlish House Of Luxury Hair Extensions & Makeup Artistry,hairdresser,,"Pump St, Londonderry BT48 6JG, UK",4.9,9,NONE,10
Sammy's Barbershop,barber,07577 053073,"45 Great James St, Londonderry BT48 7DF, UK",5,31,NONE,10
Traditional Turkish Barber,barber,07857 997747,"152 Spencer Rd, Londonderry BT47 6AH, UK",4.7,121,NONE,10
City Turkish Barbers Derry,barber,,"25 The Diamond, Londonderry BT48 6HP, UK",4.6,120,https://m.facebook.com/CityTurkishBarberDerry/,8
District 47 Barbering Company,barber,07845 009876,"47 Carlisle Rd, Co, Londonderry BT48 6JJ, UK",4.8,18,NONE,10
The Barber Shop,barber,07544 194746,"82 Spencer Rd, Londonderry BT47 6AA, UK",4.9,35,NONE,10
Bareknuckle Barbershop,barber,07803 842600,"173 Spencer Rd, Londonderry BT47 6AH, UK",4.8,101,NONE,10
Bt48 barbering for men,barber,07517 698045,"16 Carlisle Rd, Londonderry BT48 6JN, UK",4.8,43,http://www.facebook.com/bt48barberingformen,8
SUMMERLAND STORES,barber,07447 821727,"13-15 Foyle St, Londonderry BT48 6AL, UK",5,3,https://www.facebook.com/share/1AYs9R88Mi/,8
The Waterloo Barber,barber,028 7126 4749,"44 Waterloo St, Londonderry BT48 6HF, UK",4.9,38,NONE,10
Roisin's Barbers,barber,,"96 Bishop St, Londonderry BT48 6PP, UK",4.6,11,NONE,10
Busters Barber Shop,barber,07594 749796,"21A Waterloo St, Londonderry BT48 6HA, UK",4.9,10,NONE,10
Man Cave Barber Shop,barber,028 7136 7770,"Whitehouse Retail, 65 Buncrana Rd, Londonderry BT48 8LB, UK",4.7,104,NONE,10
City barbers,barber,07500 357463,"9 Great James St, Londonderry BT48 7BZ, UK",4.9,40,NONE,10
Jake&Co,barber,028 7116 3694,"4 Messines Terrace, The Collon, Londonderry BT48 7QZ, UK",5,40,NONE,10
Breidges Barbers,barber,028 7137 2030,"47 Strand Rd, Londonderry BT48 7BN, UK",4.8,44,NONE,10
Choppers Barbers,barber,028 7130 9400,"74 Bishop St, Londonderry BT48 6QE, UK",5,1,NONE,10
Diamond Brow Bar,beauty salon,07751 099410,"4 Shipquay St, Londonderry BT48 6DN, UK",5,33,NONE,10
CODE,beauty salon,,"10/11, Craft Village, Londonderry BT48 6AR, UK",5,17,NONE,10
ProfessioNail Beauty Salon,beauty salon,07856 000020,"88 Spencer Rd, Waterside, Londonderry BT47 6AG, UK",4.5,31,NONE,10
Zolero,beauty salon,028 7137 0279,"145 Bishop St, Londonderry BT48 6UJ, UK",4.8,33,NONE,10
Beauty Unlimited,beauty salon,028 7137 2117,"22a Great James St, Londonderry BT48 7DA, UK",5,13,NONE,10
Michelle’s Beauty Clinic and Training Academy,beauty salon,07598 567984,"26 Spencer Rd, Londonderry BT47 6AA, UK",5,4,NONE,10
Miabella beauty bar,beauty salon,07895 490560,"88 Racecourse Rd, Londonderry BT48 8DS, UK",4.8,35,NONE,10
La Bella Salon,beauty salon,028 7131 1522,"51 Spencer Rd, Londonderry BT47 6AA, UK",4.9,28,NONE,10
Notorious Street Food,takeaway,,"Northside Village Centre, Glengalliagh Rd, Londonderry BT48 8NN, UK",4.9,529,NONE,10
Kebab House,takeaway,028 7137 4500,"42 Shipquay St, Londonderry BT48 6DW, UK",3.5,153,NONE,10
Chicken Plaza,takeaway,028 7141 3326,"27 Foyle St, Londonderry BT48 6AL, UK",4.1,141,NONE,10
BC Auto Repair,mechanic,07783 849000,"Unit 4 Springtown Dr, Londonderry BT48 0LY, UK",4.7,16,NONE,10
DC Auto Repair Derry,mechanic,07544 061038,"19, Rathmore Business Park, Londonderry BT48 0LZ, UK",4.9,52,https://d.facebook.com/DC-Auto-Repair-502182939915812/,8
Cusack's Garage,mechanic,028 7126 9209,"4A Claremont St, Londonderry BT48 7NB, UK",5,8,NONE,10
A1 Mobile mechanic derry,mechanic,07487 664507,"36 Westland St, Londonderry BT48 9ET, UK",,0,NONE,10
G Mak Auto Service,mechanic,028 7126 5151,"Iona Business Pk, Southway, Londonderry BT48 9AH, UK",5,70,https://www.facebook.com/gmakautoservices/about,8
Stewart Motors,mechanic,028 7126 7579,"43 Barry St, Londonderry BT48 7PJ, UK",5,24,NONE,10
Foyleside Garage,mechanic,028 7134 9203,"2a York St, Londonderry BT47 6DX, UK",3.3,12,NONE,10
Northland Motors,mechanic,028 7136 4141,"Unit 2, Northland Road Industrial Estate, Londonderry BT48 0LD, UK",4.5,62,NONE,10
Wallace Auto-repairs,mechanic,028 7141 7382,"4 Ferguson St, Londonderry BT48 6TA, UK",5,11,NONE,10
Od-S Garage,mechanic,,"Unit 12, B, Springtown Rd, Londonderry BT48 0LY, UK",4.6,15,NONE,10
Collon Cars,mechanic,028 7126 2952,"Unit 12,13,14, Northland Road Industrial Estate, Northland Rd, Londonderry BT48 0LD, UK",4.7,43,NONE,10
Wilson's Autorepair,mechanic,07488 260222,"2 Temple Park, Londonderry BT48 8PN, UK",5,7,NONE,10
Emc Autos Mobile Mechanic,mechanic,07871 717678,"80A Culmore Rd, Londonderry BT48 8JB, UK",5,7,NONE,10
F & S Motors,mechanic,028 7135 0565,"26 Lenamore Rd, Londonderry BT48 8NA, UK",3.9,7,NONE,10
Hasson Motors,mechanic,07751 322671,"27a Sheriffs Rd, Londonderry BT48 0JS, UK",4.9,38,https://www.facebook.com/hassonmotors16/,8
20 laburnum terrace,mechanic,,"4 College Terrace, Londonderry BT48 7JG, UK",,0,NONE,10
The Garage,mechanic,,"24 Queens Quay, Londonderry BT48 7AS, UK",4,2,NONE,10
Sho Vij Fitness Female Body Tone Coach Derry,personal trainer,07935 487075,"Raw Fitness Derry Ltd, Pennyburn Industrial Estate, Londonderry BT47 0LU, UK",5,9,NONE,10
Raw Fitness Derry Ltd,personal trainer,07703 326018,"5, Londonderry BT48 0LU, UK",5,44,NONE,10
Raise The Bar Fitness Female Personal Training Derry,personal trainer,07856 890786,"Raise The Bar Fitness Derry, Unit 5 Balliniska Rd, Springtown Dr, Londonderry BT48 0LY, UK",5,5,NONE,10
Xtreme Gym,personal trainer,028 7134 5044,"2 Distillery Brae, Londonderry BT47 6AN, UK",4.8,35,NONE,10
Paul Kelly Personal Trainer/Coach,personal trainer,07716 093501,"Unit 43, North West Business Complex Skeoge Industrial park, Londonderry BT48 8SE, UK",5,6,NONE,10
Transition Derry,personal trainer,07843 956960,"5, Swilly House, Springtown Industrial Estate, Londonderry BT48 0LY, UK",5,6,NONE,10
Paul Mc Gowan Fitness Derry,personal trainer,085 775 9877,"Unit 1 & 2, Springtown Industrial Estate, Springrowth Rd, Londonderry BT48 0LY, UK",5,14,NONE,10
Strive Performance Center limited,personal trainer,07564 477858,"Unit 8 Elagh Business Pk, Coshquin, Londonderry BT48 8QP, UK",5,18,NONE,10
Elite Cleaning Services,cleaner,07756 059298,"45 Ashburn Ave, Londonderry BT47 5QE, UK",4.6,28,NONE,10
Cleanlyy,cleaner,028 7178 2153,"Rhodemore Ltd, The Innovation Centre, Bay Rd, Londonderry BT48 7TG, UK",5,1,NONE,10
Oven Cleaning Muckers,cleaner,028 7100 0028,"103 Westlake Enagh, 103 Westlake, Strathfoyle, Londonderry BT47 6WE, UK",4.8,19,NONE,10
Xtreme Cleaning Services ni,cleaner,07517 003144,"Creggan St, Londonderry BT48 0EU, UK",5,1,NONE,10
Speedy Clean,cleaner,028 7134 7822,"5 Blackburn Cres, Londonderry BT47 5QG, UK",5,2,NONE,10
Bark N Baths,dog groomer,07719 579277,"Unit 6, Swilly House, Springtown Rd, Londonderry BT48 0GH, UK",4.9,68,https://www.facebook.com/BarkNBaths/,8
IGROOM DOG GROOMING BY LISA CURRAN SPRINGTOWN,dog groomer,07749 457323,"Balliniska Rd, Springtown Rd, Londonderry BT48 0NA, UK",4.9,29,https://www.facebook.com/igroompetgroomers/,8
CANINE BARBER COMPANY,dog groomer,,"66 Strand Rd, Londonderry BT48 7PX, UK",5,6,NONE,10
The Dog Parlour,dog groomer,07724 330117,"Ráth mór centre Bligh's lane, Londonderry BT48 0LZ, UK",5,14,https://m.facebook.com/TheDogParlourDerry/?tsid=0.09270813212260043&source=result,8
Blissful Brush Dog Grooming,dog groomer,07749 317864,"22 Rossdowney Dr, Londonderry BT47 5PR, UK",5,12,NONE,10
Trendy Paws By Craig Jan,dog groomer,07522 782066,"27 Grangewood Ct, Londonderry BT47 5WT, UK",5,11,NONE,10
D&M GROOMERS,dog groomer,07927 443098,"53 Rosemount Ave, Londonderry BT48 0HL, UK",5,3,https://www.facebook.com/dmgroomers/,8
Catwalk Dogs Grooming Salon & Doggie Daycare,dog groomer,,"Racecourse Rd, Londonderry BT48 7UD, UK",5,5,NONE,10
Dapper Dogs Mobile Grooming,dog groomer,07368 243039,"Prehen Park, Derry BT47 2NY, UK",5,1,https://www.facebook.com/share/7EEw52GaybQdHqHK/?mibextid=LQQJ4d,8
Groomin Marvelous,dog groomer,07855 808932,"4 North Meadows, Londonderry BT48 0QB, UK",4.6,34,NONE,10
Platinum Puppies,dog groomer,07488 238101,"20 Rathlin Gardens, Londonderry BT48 9UE, UK",5,4,https://www.facebook.com/PlatinumPuppies/,8
Best Buddies Groomers,dog groomer,07821 072599,"8 Glasgow Terrace, Londonderry BT48 0DP, UK",5,2,NONE,10
Adorable Dogs,dog groomer,07753 117195,"20 Maydown Rd, Strathfoyle, Londonderry BT47 6UJ, UK",4.9,18,NONE,10
Pampered Paws K9,dog groomer,028 7131 3864,"Unit 1, Ballyore Business Park, Victoria Rd, Newbuildings, Londonderry BT47 2TH, UK",4.8,45,https://www.facebook.com/Pampered-Paws-K9-275303015816493/,8
ALL FURR DOGS,dog groomer,07779 028028,"1 Sheraton Park, Londonderry BT48 0AQ, UK",4.4,5,https://www.facebook.com/allfurrdogs,8
The Handyman,handyman,028 7181 0941,"42 Woodvale Mews, Eglinton, Londonderry BT47 3FE, UK",5,1,NONE,10
Instant Property Maintenance Ltd,handyman,028 7131 3325,"5 Columba Ter, Londonderry BT47 6JT, UK",5,2,NONE,10
ProMastix Sealants,handyman,,"20c Balliniska Rd, Londonderry BT48 0NA, UK",,0,NONE,10
M C Plastering,plasterer,07709 614094,"4 Copperfield Dr, Londonderry BT47 5DG, UK",5,2,NONE,10
KC Locksmiths,locksmith,07528 758157,"11 Maybrook Park, Londonderry BT48 7TP, UK",4.9,40,NONE,10
