Club Name,Sport,County/Location,Website,Email,Phone,Facebook,Notes
Ardmore St Mary's,GAA,Derry,,,,,Founded 1938. Community club with proud history
Ballerin Sarsfields,GAA,Derry,,,,,Founded 1944. Reached All Ireland senior club final 1976
Ballinascreen St Colm's,GAA,Derry,,,,,25 teams across four codes. Won four Derry Senior Football Championships
Ballinderry Shamrocks,GAA,Derry,,,,,Founded 1926. All Ireland club champions 2002. 300 members
Ballymaguigan St Treas,GAA,Derry,,,,,Founded 1944. 190 members. 10 teams
Banagher St Mary's,GAA,Derry,,,,,Founded 1965. Amalgamated St.Mary's Park and St.Joseph's Feeny
Bellaghy Wolfe Tones,GAA,Derry,,,,,Founded 1939. Most successful club at senior level with 21 Senior Championship Titles
Castledawson St Malachy's,GAA,Derry,,,,,Founded 1939. 350 members. 14 teams
Claudy John Mitchell's,GAA,Derry,,,,,One of oldest clubs. Roots traced to George McLaughlin's representation 1888
Coleraine Eoghan Rua,GAA,Derry,,,,,Founded 1957. 22 teams at every level
Craigbane St Josephs,GAA,Derry,,,,,Founded 1972. 160 members
Desertmartin St Martins,GAA,Derry,,,,,Founded 1885. 213 members. 11 teams
Doire Colmcille,GAA,Derry,,,,,Founded 1969. 300 members. 10 teams
Doire Trasna Na Pairsaigh,GAA,Derry,,,,,Founded 2000. 170 members. Only GAA club in Waterside area of Derry City
Drum St Colm's,GAA,Derry,,,,,Founded 1937
Drumsurn St Matthews,GAA,Derry,,,,,Fields teams at all levels. u16/minors amalgamated with Drum as St Patrick's
Dungiven St Canice's,GAA,Derry,,,,,Founded 1936. Evidence of Gaelic games as far back as 1825
Faughanvale St Mary's,GAA,Derry,,,,,Founded 1933. Over 600 members. 14 teams
Foreglen O'Brien's,GAA,Derry,,,,,Founded 1888. Four years after foundation of GAA
Glack O Connors,GAA,Derry,,,,,Founded 1921. 250 members
Glen Watty Grahams,GAA,Derry,,,,,Founded 1948. Opened second full size playing field for 60th anniversary
Glenullin John Mitchell's,GAA,Derry,,,,,Founded May 1925. County Senior Championships 1927. 1985. 2007
Greenlough St Oliver Plunketts,GAA,Derry,,,,,Founded 1939. 220 members. 15 teams
Kevin Lynch's,Hurling,Dungiven,,,,,Most successful hurling side in Derry. 5 national Feile titles
Kilrea Pearses,GAA,Derry,,,,,Founded 1948. 150 members. 9 football teams
Lavey Erin's Own,GAA,Derry,,,,,Founded 1926. All Ireland Club Football title 1991
Limavady Wolfhounds,GAA,Derry,,,,,Founded 1980. One of youngest clubs in county
Lissan St Michaels,GAA,Derry,,,,,First formed as 'Ruairi Óg's' 1910. Became St. Michael's 1962
Loup St Patrick's,GAA,Derry,,,,,Founded 1933. Ulster club championship 2003
Magherafelt O Donovan Rossa,GAA,Derry,,,,,Founded 1935. Over 20 teams
Magilligan St Aidan's,GAA,Derry,,,,,Founded 1938. 120 members. One of best pitches in Ulster
Moneymore Henry Joy McCracken's,GAA,Derry,,,,,Re-founded November 1975. 110 members
Na Magha,Hurling/Camogie,Derry,,,,,Formed 1982. Provides hurling and camogie city-wide
Newbridge Sean O'Leary's,GAA,Derry,,,,,Founded 1925. Over 300 members
Ogra Colmcille,GAA,Derry,,,,,Founded 1974. 168 members. 7 football teams
Sean Dolan's,GAA,Derry,,,,,One of oldest clubs in Derry City. First junior club to win All-Ireland club of year 2000
Slaughtmanus St Mary's,GAA,Derry,,,,,Founded 1978. Amalgamated Wolftones and St. Mary's Mullabouy. 10 teams
Slaughtneil Robert Emmett's,GAA,Derry,,,,,Founded 1953. 9 teams in Football. Hurling and Camogie
Brian Ógs Steelstown,GAA,Derry,,,,,Established 1987. One of youngest clubs in county
Swatragh Michael Davitts,GAA,Derry,,,,,200 active participants. 150 at underage level
Bonds Glen,Cricket,Derry,,,,,NWCU Senior 1
Bready,Cricket,Derry,,,,,NWCU Senior 1
Brigade,Cricket,Derry,,,,,NWCU Senior 1
Coleraine,Cricket,Derry,,,,,NWCU Senior 1
Creevedonnell,Cricket,Derry,,,,,NWCU Senior 1
Donemana,Cricket,Derry,,,,,NWCU Senior 1
Fox Lodge,Cricket,Derry,,,,,NWCU Senior 1
Glendermott,Cricket,Derry,,,,,NWCU Senior 1
Limavady,Cricket,Derry,,,,,NWCU Senior 1
Strabane,Cricket,Derry,,,,,NWCU Senior 1
North Fermanagh,Cricket,Fermanagh,,,,,NWCU Senior 1
Ardmore,Cricket,Derry,,,,,NWCU Senior 2. Live example: ardmorecricket.com
Burndennett,Cricket,Derry,,,,,NWCU Senior 2
Drummond,Cricket,Derry,,,,,NWCU Senior 2
Eglinton,Cricket,Derry,,,,,NWCU Senior 2
Killyclooney,Cricket,Derry,,,,,NWCU Senior 2
The Nedd,Cricket,Derry,,,,,NWCU Senior 2
St Johnston,Cricket,Donegal,,,,,NWCU Senior 2
Sion Mills,Cricket,Derry,,,,,NWCU Senior 2
Ballymena,Cricket,Antrim,,,,,NCU Premier League
Carrickfergus,Cricket,Antrim,,,,,NCU Premier League
C.I.Y.M.S.,Cricket,Belfast,,,,,NCU Premier League
Civil Service North,Cricket,Belfast,,,,,NCU Premier League
Instonians,Cricket,Belfast,,,,,NCU Premier League
Lisburn,Cricket,Antrim,,,,,NCU Premier League
North Down,Cricket,Down,,,,,NCU Premier League
Waringstown,Cricket,Armagh,,,,,NCU Premier League
Bangor,Cricket,Down,,,,,NCU Section 1
Cliftonville,Cricket,Belfast,,,,,NCU Section 1
Derriaghy,Cricket,Antrim,,,,,NCU Section 1
Donaghcloney,Cricket,Down,,,,,NCU Section 1
Downpatrick,Cricket,Down,,,,,NCU Section 1
Dundrum,Cricket,Down,,,,,NCU Section 1
Holywood,Cricket,Down,,,,,NCU Section 1
Lurgan,Cricket,Armagh,,,,,NCU Section 1
Muckamore,Cricket,Antrim,,,,,NCU Section 1
Woodvale,Cricket,Belfast,,,,,NCU Section 1
Academy RFC,Rugby,Ulster,http://www.academyrfc.co.uk/,,,,
Ards RFC,Rugby,Down,http://www.ards-rfc.com/,,,,
Armagh RFC,Rugby,Armagh,http://www.armaghrfc.com/,,,,
Ballyclare RFC,Rugby,Antrim,http://www.ballyclarerfc.co.uk/,,,,
Ballymena RFC,Rugby,Antrim,http://www.ballymenarfc.com/,,,,
Ballymoney RFC,Rugby,Antrim,http://www.ballymoneyrfc.com/,,,,
Ballynahinch RFC,Rugby,Down,http://www.hinchrfc.com/,,,,
Banbridge RFC,Rugby,Down,http://www.banbridgerfc.com/,,,,
Bangor RFC,Rugby,Down,http://www.bangorrfc.co.uk/,,,,
Belfast HSFP,Rugby,Belfast,http://www.bhsfprfc.org/,,,,
Belfast Harlequins RFC,Rugby,Belfast,http://www.belfastharlequinsrfc.com/,,,,
Belfast Insurance Institute,Rugby,Belfast,http://www.belfastinsuranceinstitute.org/,,,,
Carrickfergus RFC,Rugby,Antrim,http://www.carrickfergusrfc.co.uk/,,,,
Cavan RFC,Rugby,Cavan,http://www.countycavanrugby.com/,,,,
Civil Service RFC,Rugby,Belfast,http://www.civilservicerugbyclub.co.uk/,,,,
CIYMS RFC,Rugby,Belfast,http://www.ciyms.com/,,,,
Clogher Valley RFC,Rugby,Tyrone,http://www.cloghervalleyrfc.co.uk/,,,,
Coleraine RFC,Rugby,Derry,http://www.colerainerfc.co.uk/,,,,
Cooke RFC,Rugby,Belfast,http://www.cookerugby.com/,,,,
Cookstown RFC,Rugby,Tyrone,http://www.cookstownrugby.com/,,,,
City of Derry RFC,Rugby,Derry,http://www.cityofderryrfc.com/,,,,
Donaghadee RFC,Rugby,Down,http://www.donaghadeerugby.weebly.com/,,,,
Donegal Town RFC,Rugby,Donegal,www.geocities.com/donegaltownrfc,,,,
Dromore RFC,Rugby,Down,http://www.dromorerfc.co.uk/,,,,
Dungannon RFC,Rugby,Tyrone,http://www.dungannonrugby.co.uk/,,,,
Enniskillen RFC,Rugby,Fermanagh,http://www.enniskillenrfc.com/,,,,
Grosvenor RFC,Rugby,Belfast,http://www.grosvenorrugby.com/,,,,
Holywood RFC,Rugby,Down,http://www.holywoodrfc.co.uk/,,,,
Inishowen RFC,Rugby,Donegal,http://www.inishowenrugby.com/,,,,
Instonians RFC,Rugby,Belfast,http://www.instonians.org/,,,,
Larne RFC,Rugby,Antrim,http://larnerfc.com/,,,,
Letterkenny RFC,Rugby,Donegal,http://www.letterkennyrugby.com/,,,,
Limavady RFC,Rugby,Derry,http://www.limavadycrfc.co.uk/,,,,
Lisburn RFC,Rugby,Antrim,http://www.lisburnrugby.co.uk/,,,,
Londonderry YMCA,Rugby,Derry,http://www.ymrugby.co.uk/,,,,
Lurgan RFC,Rugby,Armagh,http://www.lurganrugbyclub.com/,,,,
Malone RFC,Rugby,Belfast,http://www.malone-rfc.com/,,,,
Newry RFC,Rugby,Down,http://www.newryrugby.com/,,,,
Omagh Academicals,Rugby,Tyrone,http://www.omaghrfc.com/,,,,
Ophir RFC,Rugby,Belfast,http://www.ophirrugby.com/,,,,
Perennials RFC,Rugby,Belfast,http://www.perennialsrugby.com/,,,,
PSNI RFC,Rugby,Belfast,http://www.psni-rfc.com/,,,,
Portadown RFC,Rugby,Armagh,http://www.portadownrugbyclub.co.uk/,,,,
Queens University RFC,Rugby,Belfast,http://www.qubrfc.co.uk/,,,,
Rainey Old Boys,Rugby,Derry,http://www.raineyoldboysrfc.com/,,,,
Randalstown RFC,Rugby,Antrim,http://www.randalstownrfc.co.uk/,,,,
Shorts RFC,Rugby,Belfast,www.shortsrfc.com/joomla,,,,
Strabane RFC,Rugby,Tyrone,http://www.strabanerugby.com/,,,,
University of Ulster Coleraine,Rugby,Derry,http://www.uucrfc.com/,,,,
Virginia RFC,Rugby,Cavan,http://www.virginiarfc.ie/,,,,
Annadale Hockey Club,Hockey,Belfast,,,secretary@annadale.co.uk,,From Ulster Hockey Union
Antrim Hockey Club,Hockey,Antrim,,,antrimhc1894@gmail.com,,Founded 1894
Armagh Hockey Club,Hockey,Armagh,,,armaghhockeyclub@gmail.com,,
Ballynahinch Hockey Club,Hockey,Down,,,hinchhockey@hotmail.co.uk,,
Banbridge Hockey Club,Hockey,Down,,,secretary@banbridgehockeyclub.com,,
Aodh Ruadh,GAA,Donegal (Ballyshannon),,,,,From GAA Pitch Locator
Ardara,GAA,Donegal,,,,,From GAA Pitch Locator
Milford,GAA,Donegal,,,,,From GAA Pitch Locator (Clg Baile Na NGalloglach)
Aghaloo O'Neills,GAA,Tyrone,,,,,From Wikipedia Tyrone clubs
Aghyaran St Davog's,GAA,Tyrone,,,,,From Wikipedia Tyrone clubs
Ardboe O'Donovan Rossa,GAA,Tyrone,,,,,From Wikipedia Tyrone clubs
Augher St Macartan's,GAA,Tyrone,,,,,From Wikipedia Tyrone clubs
Beragh Red Knights,GAA,Tyrone,,,,,From Wikipedia Tyrone clubs
Na Piarsaigh Eanach Mor,GAA,Armagh,,,,,
Annaghmore GFC,GAA,Armagh,,,,,
An Port Mór,GAA,Armagh,,,,,
Armagh Harps,GAA,Armagh,,,,,
Ballyhegan Davitts,GAA,Armagh,,,,,
Ballymacnab Round Towers,GAA,Armagh,,,,,
St Laurence O'Tooles Belleek,GAA,Armagh,,,,,
Carrickcruppen St Patrick's,GAA,Armagh,,,,,
Sean South Clady,GAA,Armagh,,,,,
Clan na Gael,GAA,Armagh,,,,,
Clann Eireann,GAA,Armagh,,,,,
Clonmore Robert Emmet,GAA,Armagh,,,,,
Collegeland O'Rahillys,GAA,Armagh,,,,,
Craobh Rua Camlough,GAA,Armagh,,,,,
Crossmaglen Rangers,GAA,Armagh,,,,,Famous club
Cú Chulainn Hurling Club,Hurling,Armagh,,,,,St Malachy's Portadown
Culloville Blues,GAA,Armagh,,,,,
Derrynoose,GAA,Armagh,,,,,
Dorsey Emmets,GAA,Armagh,,,,,
Dromintee St Patrick's,GAA,Armagh,,,,,
Éire Óg,GAA,Armagh,,,,,
Peadar O'Doirnin Forkhil,GAA,Armagh,,,,,
Granemore,GAA,Armagh,,,,,
St Colmcilles Grange,GAA,Armagh,,,,,
Keady Michael Dwyers,GAA,Armagh,,,,,
Keady Lamh Dhearg,GAA,Armagh,,,,,
Killeavy,GAA,Armagh,,,,,
Lissummon,GAA,Armagh,,,,,
Madden Rapparees,GAA,Armagh,,,,,
Maghery Sean McDermotts,GAA,Armagh,,,,,
Middletown,GAA,Armagh,,,,,
Mullabrack O'Donovan Rossa,GAA,Armagh,,,,,
Mullaghbawn Cuchulainns,GAA,Armagh,,,,,
Pearse Og,GAA,Armagh,,,,,
Redmond O'Hanlons,GAA,Armagh,,,,,
High Moss Sarsfields,GAA,Armagh,,,,,
Sean Treacys,GAA,Armagh,,,,,
Shane O'Neill's,GAA,Armagh,,,,,
Silverbridge Harps,GAA,Armagh,,,,,
St Malachy's Portadown,Hurling,Armagh,,,,,
St Michael's,GAA,Armagh,,,,,
St Patrick's Cullyhanna,GAA,Armagh,,,,,
St Michael's Killean,GAA,Armagh,,,,,
St Paul's,GAA,Armagh,,,,,
St Peter's,GAA,Armagh,,,,,
Tir na nÓg,GAA,Armagh,,,,,
Thomas Davis,GAA,Armagh,,,,,
O'Connells Tullysaran,GAA,Armagh,,,,,
St Killian's Whitecross,GAA,Armagh,,,,,
Wolfe Tones,GAA,Armagh,,,,,
Bredagh,GAA,Down,,,,,
Bright,GAA,Down,,,,,
Bryansford,GAA,Down,,,,,
Burren,GAA,Down,,,,,
Carryduff,GAA,Down,,,,,
Castlewellan,GAA,Down,,,,,
An Ríocht (Newry),GAA,Down,,,,,"Newry, well-known club"
Rathcline,GAA,Longford,,,,,From Wikipedia list
Seán Connollys,GAA,Longford,,,,,
St Brigids Killashee,GAA,Longford,,,,,
St Marys Granard,GAA,Longford,,,,,
St Munis Forgney,GAA,Longford,,,,,
Young Grattans,GAA,Longford,,,,,
St Brigids,GAA,Roscommon,,,,,
St Dominics,GAA,Roscommon,,,,,
Strokestown,GAA,Roscommon,,,,,
Tremane,Hurling,Roscommon,,,,,
Ballisodare,GAA,Sligo,,,,,
Ballymote,GAA,Sligo,,,,,
Coolaney/Mullinabreena,GAA,Sligo,,,,,
Coolera/Strandhill,GAA,Sligo,,,,,
Tourlestrane,GAA,Sligo,,,,,
Tubbercurry,GAA,Sligo,,,,,
Western Gaels,GAA,Sligo,,,,,
Bagenalstown Gaels,GAA,Carlow,,,,,
Éire Óg Carlow,GAA,Carlow,,,,,
Mount Leinster Rangers,GAA,Carlow,,,,,
O'Hanrahan's,GAA,Carlow,,,,,
St Mullin's,GAA,Carlow,,,,,
Rathvilly,GAA,Carlow,,,,,
Ballyboden St Enda's,GAA,Dublin,,,,,Firhouse area
Ballymun Kickhams,GAA,Dublin,,,,,
Castleknock,GAA,Dublin,,,,,
Cuala,GAA,Dublin,,,,,"Dalkey & Glenageary, strong hurling club"
Kilmacud Crokes,GAA,Dublin,,,,,Stillorgan
Na Fianna,GAA,Dublin,,,,,Glasnevin
St Vincent's,GAA,Dublin,,,,,Marino
Thomas Davis,GAA,Dublin,,,,,Tallaght
Maynooth,GAA,Kildare,,,,,
Naas,GAA,Kildare,,,,,
Celbridge,GAA,Kildare,,,,,
Sarsfields Kildare,GAA,Kildare,,,,,
Ballyhale Shamrocks,GAA,Kilkenny,,,,,"Famous hurling club, All Ireland winners"
James Stephens,GAA,Kilkenny,,,,,
Dicksboro,GAA,Kilkenny,,,,,
Clara Kilkenny,GAA,Kilkenny,,,,,
Thomastown,GAA,Kilkenny,,,,,
Young Irelands Kilkenny,GAA,Kilkenny,,,,,
Portlaoise,GAA,Laois,,,,,
Ballyfin,GAA,Laois,,,,,
Camross,GAA,Laois,,,,,Famous hurling club
Rathdowney-Errill,GAA,Laois,,,,,Strong hurling
St Joseph's Laois,GAA,Laois,,,,,
Stradbally Laois,GAA,Laois,,,,,
Longford Slashers,GAA,Longford,,,,,
Mostrim,GAA,Longford,,,,,
Mullingar Shamrocks,GAA,Westmeath,,,,,
St Lomans,GAA,Westmeath,,,,,
Garrycastle,GAA,Westmeath,,,,,
Athlone,GAA,Westmeath,,,,,
Rathnure,GAA,Wexford,,,,,Famous hurling club
Oulart-The Ballagh,GAA,Wexford,,,,,Famous hurling club
St Martin's Wexford,GAA,Wexford,,,,,
Shelmaliers,GAA,Wexford,,,,,
Gorey,GAA,Wexford,,,,,
Rathnew,GAA,Wicklow,,,,,
Baltinglass,GAA,Wicklow,,,,,
Bray Emmets,GAA,Wicklow,,,,,
Éire Óg Greystones,GAA,Wicklow,,,,,
Tinahely,GAA,Wicklow,,,,,
Moyola Park FC,Football,Antrim,,,,,Amateur - Ballymena & Provincial League
Ballymena United FC,Football,Antrim,https://ballymenaunitedfc.com/,,,,"Professional club but could need amateur youth setup support"
Coleraine FC,Football,Derry,,,,,Semi-professional
Glentoran FC,Football,Belfast,,,,,Professional
Linfield FC,Football,Belfast,,,,,Professional - could need youth/amateur support
Crusaders FC,Football,Belfast,,,,,Professional
Cliftonville FC,Football,Belfast,,,,,Professional
Institute FC,Football,Derry,,,,,Amateur/semi-pro
Dungannon Swifts,Football,Tyrone,,,,,Professional
Portadown FC,Football,Armagh,,,,,Professional
Glenavon FC,Football,Armagh,,,,,Professional
Newry City FC,Football,Down,,,,,Semi-professional
Warrenpoint Town FC,Football,Down,,,,,Semi-professional
Carrick Rangers FC,Football,Antrim,,,,,Semi-professional
Larne FC,Football,Antrim,,,,,Professional
Queen's University Belfast FC,Football,Belfast,,,,,University/amateur
Sport & Leisure Swifts,Football,Belfast,,,,,Amateur
Rosario YC,Football,Belfast,,,,,Youth/amateur
East Belfast FC,Football,Belfast,,,,,Amateur
Bloomfield FC,Football,Belfast,,,,,Amateur